/*
SQLyog v10.2 
MySQL - 5.5.50-log : Database - jsads
*********************************************************************
*/

/*!40101 SET NAMES utf8 */;

/*!40101 SET SQL_MODE=''*/;

/*!40014 SET @OLD_UNIQUE_CHECKS=@@UNIQUE_CHECKS, UNIQUE_CHECKS=0 */;
/*!40014 SET @OLD_FOREIGN_KEY_CHECKS=@@FOREIGN_KEY_CHECKS, FOREIGN_KEY_CHECKS=0 */;
/*!40101 SET @OLD_SQL_MODE=@@SQL_MODE, SQL_MODE='NO_AUTO_VALUE_ON_ZERO' */;
/*!40111 SET @OLD_SQL_NOTES=@@SQL_NOTES, SQL_NOTES=0 */;
CREATE DATABASE /*!32312 IF NOT EXISTS*/`jsads` /*!40100 DEFAULT CHARACTER SET utf8 */;

USE `jsads`;

/*Table structure for table `jsads_android` */

DROP TABLE IF EXISTS `jsads_android`;

CREATE TABLE `jsads_android` (
  `ads_id` int(11) NOT NULL AUTO_INCREMENT,
  `ads_status` int(11) DEFAULT '0' COMMENT '0关闭 1开启',
  `ads_priority` int(11) DEFAULT '1' COMMENT '1-10 数值越大 优先级越高',
  `ads_picUrl` varchar(200) NOT NULL,
  `ads_url` varchar(200) NOT NULL,
  `ads_description` varchar(1000) NOT NULL,
  `ads_headline` varchar(100) NOT NULL,
  `ads_count` int(11) DEFAULT NULL,
  PRIMARY KEY (`ads_id`)
) ENGINE=MyISAM AUTO_INCREMENT=37 DEFAULT CHARSET=utf8;

/*Data for the table `jsads_android` */

insert  into `jsads_android`(`ads_id`,`ads_status`,`ads_priority`,`ads_picUrl`,`ads_url`,`ads_description`,`ads_headline`,`ads_count`) values (1,1,1,'http://photo.ios169.com/icon/android/ytxh.png','http://ios169.com/yt/yttlj.html','主播激情互动,福利天天有','胸怀江湖',85612),(2,1,1,'http://photo.ios169.com/icon/android/ytsl.png','http://ios169.com/yt/yttlj.html','主播带玩,擂台PK激情似火','蜜战100天',85612),(3,1,1,'http://photo.ios169.com/icon/android/ytxh.png','http://ios169.com/yt/yttlj.html','等待你去寻找,携手创造佳话','特邀百名女主播',85612),(4,1,1,'http://photo.ios169.com/icon/android/ytdr.png','http://ios169.com/yt/yttlj.html','女主播沉迷其中,简直把持不住 ','这游戏比秀场劲爆',85612),(5,1,1,'http://photo.ios169.com/icon/android/ytxh.png','http://ios169.com/yt/yttlj.html','美女带玩,练级不累~','女主播沉迷其中',85612),(6,1,1,'http://photo.ios169.com/icon/android/ytdr.png','http://ios169.com/yt/yttlj.html','一大波妹子沉迷其中等你找','这游戏有毒',85612),(7,1,1,'http://photo.ios169.com/icon/android/yttl.png ','http://ios169.com/yt/yttlj.html','妹子火辣又能干,爽！','百名女主播带玩',85612),(8,1,1,'http://photo.ios169.com/icon/android/ytzyq.png','http://ios169.com/yt/yttlj.html','跟女神组队让人无法自拔','天天有福利',85611),(9,1,1,'http://photo.ios169.com/icon/android/ytsl.png','http://ios169.com/yt/yttlj.html','100女主播带玩,人美声甜~','这游戏没谁了',85611),(10,1,1,'http://photo.ios169.com/icon/android/ytdr.png','http://ios169.com/yt/yttlj.html','一大波主播沉迷游戏无法自拔','妹子花式晒轻功',85611),(11,0,1,'http://photo.ios169.com/icon/android/xedk.png','https://loan-m.jimu.com/loanv2/apply/index?from=jmhz171','5秒审批，可以借5千-5万！','急用钱?我们来帮您！',78776);

/*Table structure for table `jsads_android_wx` */

DROP TABLE IF EXISTS `jsads_android_wx`;

CREATE TABLE `jsads_android_wx` (
  `ads_id` int(11) NOT NULL DEFAULT '0',
  `ads_status` int(11) DEFAULT '0' COMMENT '0关闭 1开启',
  `ads_priority` int(11) DEFAULT '1' COMMENT '1-10 数值越大 优先级越高',
  `ads_picUrl` varchar(200) NOT NULL,
  `ads_url` varchar(200) NOT NULL,
  `ads_description` varchar(1000) NOT NULL,
  `ads_headline` varchar(100) NOT NULL,
  `ads_count` int(11) DEFAULT NULL
) ENGINE=MyISAM DEFAULT CHARSET=utf8;

/*Data for the table `jsads_android_wx` */

insert  into `jsads_android_wx`(`ads_id`,`ads_status`,`ads_priority`,`ads_picUrl`,`ads_url`,`ads_description`,`ads_headline`,`ads_count`) values (1,1,1,'http://photo.ios169.com/icon/androidwx/ytxx.png','http://ios169.com/yt/yttljwx.html','主播激情互动,福利天天有','胸怀江湖',2065),(2,1,1,'http://photo.ios169.com/icon/androidwx/ytsl.png','http://ios169.com/yt/yttljwx.html','主播带玩,擂台PK激情似火','蜜战100天',2065),(3,1,1,'http://photo.ios169.com/icon/androidwx/ytxh.png','http://ios169.com/yt/yttljwx.html','等待你去寻找，携手创造佳话','特邀百名女主播',2065),(4,1,1,'http://photo.ios169.com/icon/androidwx/ytdr.png','http://ios169.com/yt/yttljwx.html','女主播沉迷其中,简直把持不住','这游戏比秀场劲爆',2065),(5,1,1,'http://photo.ios169.com/icon/androidwx/ytxh.png','http://ios169.com/yt/yttljwx.html','美女带玩,练级不累~ ','女主播沉迷其中',2064),(6,1,1,'http://photo.ios169.com/icon/androidwx/yttl.png','http://ios169.com/yt/yttljwx.html','一大波妹子沉迷其中等你找','这游戏有毒',2064),(7,1,1,'http://photo.ios169.com/icon/androidwx/ytdr.png','http://ios169.com/yt/yttljwx.html','妹子火辣又能干,爽！ ','百名女主播带玩',2064),(8,1,1,'http://photo.ios169.com/icon/androidwx/ytzyq.png','http://ios169.com/yt/yttljwx.html','跟女神组队让人无法自拔','天天有福利',2064),(9,1,1,'http://photo.ios169.com/icon/androidwx/ytsl.png','http://ios169.com/yt/yttljwx.html','100女主播带玩,人美声甜~ ','这游戏没谁了',2064),(11,0,1,'http://photo.ios169.com/icon/androidwx/xedk.png','https://loan-m.jimu.com/loanv2/apply/index?from=jmhz171','5秒审批，可以借5千-5万！','急用钱?我们来帮您!',1775),(10,1,1,'http://photo.ios169.com/icon/androidwx/ytdr.png','http://ios169.com/yt/yttljwx.html','一大波主播沉迷游戏无法自拔','妹子花式晒轻功',2064);

/*Table structure for table `jsads_button_pv` */

DROP TABLE IF EXISTS `jsads_button_pv`;

CREATE TABLE `jsads_button_pv` (
  `bpv_id` int(11) NOT NULL AUTO_INCREMENT,
  `ads_id` int(11) NOT NULL,
  `bpv_date` date NOT NULL,
  `bpv_hour1` int(11) NOT NULL DEFAULT '0',
  `bpv_hour2` int(11) NOT NULL DEFAULT '0',
  `bpv_hour3` int(11) NOT NULL DEFAULT '0',
  `bpv_hour4` int(11) NOT NULL DEFAULT '0',
  `bpv_hour5` int(11) NOT NULL DEFAULT '0',
  `bpv_hour6` int(11) NOT NULL DEFAULT '0',
  `bpv_hour7` int(11) NOT NULL DEFAULT '0',
  `bpv_hour8` int(11) NOT NULL DEFAULT '0',
  `bpv_hour9` int(11) NOT NULL DEFAULT '0',
  `bpv_hour10` int(11) NOT NULL DEFAULT '0',
  `bpv_hour11` int(11) NOT NULL DEFAULT '0',
  `bpv_hour12` int(11) NOT NULL DEFAULT '0',
  `bpv_hour13` int(11) NOT NULL DEFAULT '0',
  `bpv_hour14` int(11) NOT NULL DEFAULT '0',
  `bpv_hour15` int(11) NOT NULL DEFAULT '0',
  `bpv_hour16` int(11) NOT NULL DEFAULT '0',
  `bpv_hour17` int(11) NOT NULL DEFAULT '0',
  `bpv_hour18` int(11) NOT NULL DEFAULT '0',
  `bpv_hour19` int(11) NOT NULL DEFAULT '0',
  `bpv_hour20` int(11) NOT NULL DEFAULT '0',
  `bpv_hour21` int(11) NOT NULL DEFAULT '0',
  `bpv_hour22` int(11) NOT NULL DEFAULT '0',
  `bpv_hour23` int(11) NOT NULL DEFAULT '0',
  `bpv_hour24` int(11) NOT NULL DEFAULT '0',
  `ads_type` int(11) NOT NULL,
  `bpv_count` int(11) NOT NULL DEFAULT '0',
  PRIMARY KEY (`bpv_id`)
) ENGINE=MyISAM AUTO_INCREMENT=569 DEFAULT CHARSET=utf8;

/*Data for the table `jsads_button_pv` */

insert  into `jsads_button_pv`(`bpv_id`,`ads_id`,`bpv_date`,`bpv_hour1`,`bpv_hour2`,`bpv_hour3`,`bpv_hour4`,`bpv_hour5`,`bpv_hour6`,`bpv_hour7`,`bpv_hour8`,`bpv_hour9`,`bpv_hour10`,`bpv_hour11`,`bpv_hour12`,`bpv_hour13`,`bpv_hour14`,`bpv_hour15`,`bpv_hour16`,`bpv_hour17`,`bpv_hour18`,`bpv_hour19`,`bpv_hour20`,`bpv_hour21`,`bpv_hour22`,`bpv_hour23`,`bpv_hour24`,`ads_type`,`bpv_count`) values (1,1,'2016-11-01',0,0,0,0,0,0,0,0,0,0,0,0,0,0,0,0,0,0,1,0,0,0,0,0,0,3),(2,2,'2016-11-01',0,0,0,0,0,0,0,0,0,0,0,0,2,0,0,0,0,0,0,0,0,0,0,0,0,2),(3,3,'2016-11-01',0,0,0,0,0,0,0,0,0,0,0,0,0,0,0,0,0,0,0,0,0,1,0,0,0,1),(4,4,'2016-11-01',0,0,0,0,0,0,0,0,0,0,0,0,0,0,1,0,1,0,0,0,0,0,0,0,0,2),(5,5,'2016-11-01',0,0,0,0,0,0,0,0,0,0,0,0,0,0,0,0,0,0,0,1,0,0,0,0,0,1),(6,6,'2016-11-01',0,0,0,0,0,0,0,0,0,0,0,0,0,0,1,0,0,0,0,0,0,0,0,0,0,1),(7,7,'2016-11-01',0,0,0,0,0,0,0,0,0,0,0,0,0,0,1,0,0,0,0,0,0,0,0,0,0,1),(8,8,'2016-11-01',0,0,0,0,0,0,0,0,0,0,0,0,0,0,1,0,0,0,0,0,0,0,0,0,0,1),(9,9,'2016-11-01',0,0,0,0,0,0,0,0,0,0,0,0,0,0,0,0,0,0,0,0,0,3,0,0,0,3),(10,10,'2016-11-01',0,0,0,0,0,0,0,0,0,0,0,0,0,0,0,0,0,0,1,0,0,0,0,0,0,1),(11,1,'2016-11-01',0,0,0,0,0,0,0,0,0,0,0,0,1,0,0,0,1,1,1,2,2,1,2,1,1,12),(12,2,'2016-11-01',0,0,0,0,0,0,0,0,0,0,0,0,0,0,0,0,0,0,0,0,1,0,1,0,1,2),(13,3,'2016-11-01',0,0,0,0,0,0,0,0,0,0,0,0,1,0,1,1,0,0,0,0,1,2,1,1,1,8),(14,4,'2016-11-01',0,0,0,0,0,0,0,0,0,0,0,0,0,0,0,0,1,0,0,0,1,1,0,0,1,3),(15,5,'2016-11-01',0,0,0,0,0,0,0,0,0,0,0,0,1,1,0,1,1,0,0,0,1,0,0,1,1,6),(16,6,'2016-11-01',0,0,0,0,0,0,0,0,0,0,0,0,0,0,2,0,0,0,0,0,4,0,0,1,1,7),(17,7,'2016-11-01',0,0,0,0,0,0,0,0,0,0,0,0,2,1,2,0,0,0,0,1,1,2,0,2,1,11),(18,8,'2016-11-01',0,0,0,0,0,0,0,0,0,0,0,0,0,0,0,0,0,0,0,0,0,2,1,1,1,4),(19,9,'2016-11-01',0,0,0,0,0,0,0,0,0,0,0,0,0,2,0,0,0,0,0,1,0,0,0,0,1,3),(20,10,'2016-11-01',0,0,0,0,0,0,0,0,0,0,0,0,1,1,0,0,0,0,0,1,0,1,0,0,1,4),(21,1,'2016-11-01',0,0,0,0,0,0,0,0,0,0,0,0,0,0,0,0,0,0,0,0,1,0,0,0,2,1),(22,2,'2016-11-01',0,0,0,0,0,0,0,0,0,0,0,0,0,2,0,0,0,0,0,0,1,0,0,0,2,3),(23,3,'2016-11-01',0,0,0,0,0,0,0,0,0,0,0,0,0,0,0,0,0,0,0,0,0,0,0,0,2,0),(24,4,'2016-11-01',0,0,0,0,0,0,0,0,0,0,0,0,0,0,0,0,0,0,0,0,0,0,0,0,2,0),(25,5,'2016-11-01',0,0,0,0,0,0,0,0,0,0,0,0,0,0,0,0,0,0,0,0,0,0,0,0,2,0),(26,6,'2016-11-01',0,0,0,0,0,0,0,0,0,0,0,0,0,0,0,0,0,0,0,0,0,0,0,0,2,0),(27,7,'2016-11-01',0,0,0,0,0,0,0,0,0,0,0,0,0,1,0,0,0,0,0,0,1,0,0,0,2,2),(28,8,'2016-11-01',0,0,0,0,0,0,0,0,0,0,0,0,1,0,0,0,0,0,0,0,0,0,0,0,2,1),(29,9,'2016-11-01',0,0,0,0,0,0,0,0,0,0,0,0,0,0,0,0,0,0,0,0,0,0,0,0,2,0),(30,10,'2016-11-01',0,0,0,0,0,0,0,0,0,0,0,0,1,0,0,0,0,0,0,0,0,0,0,0,2,1),(31,1,'2016-11-01',0,0,0,0,0,0,0,0,0,0,0,0,0,0,0,0,0,0,1,0,0,0,0,1,3,2),(32,2,'2016-11-01',0,0,0,0,0,0,0,0,0,0,0,0,1,0,1,0,0,0,0,0,0,0,0,0,3,2),(33,3,'2016-11-01',0,0,0,0,0,0,0,0,0,0,0,0,1,1,0,0,0,0,0,2,0,0,0,0,3,4),(34,4,'2016-11-01',0,0,0,0,0,0,0,0,0,0,0,0,0,0,2,0,0,0,0,0,0,0,0,1,3,3),(35,5,'2016-11-01',0,0,0,0,0,0,0,0,0,0,0,0,1,0,0,0,0,0,0,0,0,0,0,0,3,1),(36,6,'2016-11-01',0,0,0,0,0,0,0,0,0,0,0,0,0,0,0,0,0,0,0,0,0,0,0,0,3,0),(37,7,'2016-11-01',0,0,0,0,0,0,0,0,0,0,0,0,0,0,0,0,0,0,0,0,0,0,0,0,3,0),(38,9,'2016-11-01',0,0,0,0,0,0,0,0,0,0,0,0,0,0,0,0,0,0,0,0,0,0,0,0,3,0),(39,10,'2016-11-01',0,0,0,0,0,0,0,0,0,0,0,0,0,0,0,0,1,0,0,0,0,0,0,0,3,1),(40,8,'2016-11-01',0,0,0,0,0,0,0,0,0,0,0,0,0,0,0,0,0,0,0,0,0,0,0,1,3,1),(41,1,'2016-11-02',0,0,0,0,0,0,0,0,0,0,0,0,0,0,0,0,0,0,0,0,0,0,1,3,0,4),(42,2,'2016-11-02',0,0,0,0,0,0,1,0,0,0,0,0,1,0,0,0,0,0,0,0,0,0,0,5,0,7),(43,3,'2016-11-02',0,0,0,0,0,0,0,0,0,0,1,0,0,0,0,0,0,0,0,0,0,0,1,5,0,7),(44,4,'2016-11-02',0,0,0,0,0,0,0,0,0,0,0,0,1,0,1,0,0,0,0,0,0,0,0,3,0,5),(45,5,'2016-11-02',0,0,0,0,0,0,2,0,0,0,0,0,0,1,0,0,0,0,0,0,0,0,0,5,0,8),(46,6,'2016-11-02',0,0,1,0,0,0,0,0,0,0,0,0,0,0,0,0,0,0,0,0,0,0,3,5,0,9),(47,7,'2016-11-02',0,0,0,0,0,0,0,1,0,0,0,2,0,0,0,0,0,0,1,0,0,0,0,7,0,11),(48,8,'2016-11-02',0,0,0,0,0,0,1,0,0,0,2,0,0,0,0,0,0,0,0,0,0,0,4,5,0,12),(49,9,'2016-11-02',0,0,0,0,0,0,0,0,0,0,0,0,0,0,0,0,3,0,0,0,0,0,0,6,0,9),(50,10,'2016-11-02',0,0,1,0,0,1,0,0,0,0,0,0,0,0,0,0,0,0,0,0,0,0,3,5,0,10),(51,1,'2016-11-02',1,0,0,0,0,0,0,0,0,0,0,1,1,1,0,0,0,0,1,0,0,1,0,4,1,10),(52,2,'2016-11-02',0,0,0,0,0,0,0,0,0,0,0,0,1,2,0,0,0,0,2,0,0,0,1,12,1,18),(53,3,'2016-11-02',1,2,0,0,0,0,0,0,0,0,0,0,1,1,0,0,0,1,0,1,0,0,1,13,1,21),(54,4,'2016-11-02',0,0,0,0,0,0,1,0,1,1,0,3,1,0,2,1,1,0,2,1,0,0,0,7,1,21),(55,5,'2016-11-02',0,1,1,0,0,0,1,0,0,0,1,0,0,1,0,0,0,1,2,1,0,0,0,11,1,20),(56,6,'2016-11-02',0,0,0,0,1,0,1,0,0,1,0,0,0,0,0,1,0,0,1,0,1,1,0,5,1,12),(57,7,'2016-11-02',0,2,1,0,5,1,0,0,0,1,0,2,1,0,0,0,1,0,0,1,1,1,0,5,1,22),(58,8,'2016-11-02',2,0,0,0,0,0,1,0,0,0,0,1,0,0,0,0,0,0,0,0,0,1,0,3,1,8),(59,9,'2016-11-02',1,0,2,0,0,0,2,0,0,1,0,0,1,0,0,0,0,0,1,1,1,1,0,4,1,15),(60,10,'2016-11-02',1,1,0,0,0,0,0,0,0,0,1,0,0,0,1,1,0,0,0,0,0,0,1,10,1,16),(61,1,'2016-11-02',0,0,0,0,0,0,0,0,0,0,0,0,0,0,0,0,0,0,0,0,0,0,0,0,2,0),(62,2,'2016-11-02',0,0,0,0,0,0,0,0,0,0,0,0,0,0,0,0,0,0,0,0,0,0,0,0,2,0),(63,3,'2016-11-02',0,0,0,0,0,0,0,0,0,1,0,0,0,0,0,0,0,0,0,0,0,0,0,0,2,1),(64,4,'2016-11-02',0,0,0,0,0,0,0,0,0,0,0,0,0,0,0,0,0,0,0,0,1,0,0,0,2,1),(65,5,'2016-11-02',0,0,0,0,0,0,0,0,0,0,0,0,0,0,0,0,0,0,1,0,0,0,0,0,2,1),(66,6,'2016-11-02',0,0,0,0,0,0,0,0,0,0,0,0,0,0,0,1,0,0,0,0,0,0,0,0,2,1),(67,7,'2016-11-02',0,0,0,0,0,0,0,0,0,0,0,0,0,0,0,0,0,0,0,0,0,0,0,0,2,0),(68,8,'2016-11-02',0,0,0,0,0,0,0,0,0,0,0,0,0,0,0,0,0,0,0,0,0,0,0,0,2,0),(69,9,'2016-11-02',0,0,0,0,0,0,0,0,0,0,0,0,0,0,0,0,0,0,0,0,0,0,0,1,2,1),(70,10,'2016-11-02',0,0,0,0,0,0,0,0,0,0,0,0,0,0,0,0,0,0,0,0,0,0,1,0,2,1),(71,1,'2016-11-02',0,0,0,0,0,0,0,0,0,0,0,0,0,0,0,0,0,0,0,0,0,0,0,0,3,0),(72,2,'2016-11-02',0,0,0,0,0,0,0,0,0,0,0,0,1,0,0,0,0,0,0,0,0,0,1,0,3,2),(73,3,'2016-11-02',0,0,0,0,0,0,0,0,1,0,0,0,0,0,0,0,0,0,0,0,0,0,1,0,3,2),(74,4,'2016-11-02',0,0,0,0,0,1,0,0,0,0,0,0,0,0,0,0,0,0,0,0,0,0,0,1,3,2),(75,5,'2016-11-02',0,0,0,0,0,0,0,0,0,0,0,0,0,0,0,0,0,0,0,0,0,0,1,0,3,1),(76,6,'2016-11-02',0,0,0,0,0,0,0,0,0,0,0,0,0,0,0,0,0,0,0,0,0,0,0,0,3,0),(77,7,'2016-11-02',0,0,0,0,0,0,0,0,0,0,0,0,0,0,0,0,0,0,0,0,0,0,0,0,3,0),(78,9,'2016-11-02',0,0,0,0,0,0,0,0,0,0,0,0,0,0,0,0,0,0,0,0,0,0,0,1,3,1),(79,10,'2016-11-02',0,0,0,0,0,0,0,0,0,0,0,0,0,0,0,1,0,0,0,2,0,0,0,0,3,3),(80,8,'2016-11-02',0,0,0,0,0,0,0,0,0,0,0,0,0,0,0,0,0,0,0,0,0,0,0,0,3,0),(81,1,'2016-11-03',28,0,0,0,0,0,0,0,0,0,0,0,0,0,0,0,0,0,0,0,0,0,0,1,0,29),(82,2,'2016-11-03',11,1,0,0,0,0,0,0,0,0,0,0,0,0,0,0,0,0,0,0,0,0,0,0,0,12),(83,3,'2016-11-03',6,0,0,0,0,0,0,0,0,0,0,1,0,0,0,0,0,0,0,0,0,0,0,0,0,7),(84,4,'2016-11-03',10,0,0,0,0,0,0,0,0,0,0,0,0,0,0,0,0,0,0,0,0,0,0,0,0,10),(85,5,'2016-11-03',12,0,0,0,0,0,0,0,0,0,0,0,0,0,0,0,0,0,0,0,0,0,0,0,0,12),(86,6,'2016-11-03',15,0,0,0,0,0,0,0,0,0,0,0,0,0,0,0,0,0,0,0,0,0,0,0,0,15),(87,7,'2016-11-03',13,0,0,0,0,0,0,0,0,0,0,0,0,0,0,0,0,0,0,0,0,0,0,0,0,13),(88,8,'2016-11-03',18,0,0,0,0,0,0,0,0,0,0,1,0,0,0,0,0,0,0,0,0,0,0,0,0,19),(89,9,'2016-11-03',23,0,0,0,0,0,0,0,0,0,0,0,0,0,0,0,0,0,0,0,0,0,0,0,0,23),(90,10,'2016-11-03',4,0,0,0,0,0,0,0,0,0,0,0,0,0,0,0,0,0,0,0,0,0,0,1,0,5),(91,1,'2016-11-03',9,0,0,0,0,0,0,0,0,0,0,0,0,0,0,0,0,2,0,0,0,0,0,0,1,11),(92,2,'2016-11-03',3,0,0,1,0,0,0,1,0,0,0,0,0,0,0,0,0,1,0,0,0,0,0,0,1,6),(93,3,'2016-11-03',11,0,0,2,2,3,1,0,0,0,0,0,1,2,0,1,0,0,1,0,0,0,0,0,1,24),(94,4,'2016-11-03',11,1,0,0,0,1,0,0,0,0,0,0,0,1,1,0,0,0,0,0,0,0,0,0,1,15),(95,5,'2016-11-03',12,1,0,0,1,0,0,1,0,0,1,0,0,0,0,0,0,0,0,0,0,0,0,0,1,16),(96,6,'2016-11-03',7,1,0,0,0,1,2,1,0,0,0,0,0,0,0,1,2,1,0,0,0,0,0,0,1,16),(97,7,'2016-11-03',12,0,0,0,0,1,0,4,0,0,0,0,0,0,0,0,0,0,0,0,0,0,0,0,1,17),(98,8,'2016-11-03',12,0,0,1,0,0,0,0,1,1,0,0,1,0,0,0,0,0,0,0,0,0,0,0,1,16),(99,9,'2016-11-03',4,0,0,0,0,0,0,0,0,0,0,0,0,0,1,1,0,0,0,0,0,0,0,0,1,6),(100,10,'2016-11-03',9,2,0,0,1,0,2,0,0,0,0,0,0,0,0,1,1,0,0,0,0,0,0,0,1,16),(101,1,'2016-11-03',1,0,0,0,0,0,0,0,0,0,0,0,0,0,0,0,0,0,0,0,0,0,0,0,2,1),(102,2,'2016-11-03',2,0,0,0,0,0,0,0,0,0,0,0,0,0,0,0,0,0,0,0,0,0,0,0,2,2),(103,3,'2016-11-03',2,0,0,0,0,0,0,1,0,0,0,0,0,0,0,0,0,0,0,0,0,0,0,0,2,3),(104,4,'2016-11-03',2,0,0,0,0,0,0,0,0,0,1,0,0,0,0,0,0,0,0,0,0,0,0,0,2,3),(105,5,'2016-11-03',2,0,0,0,0,0,0,0,0,0,0,0,0,0,0,0,0,0,0,0,0,0,0,0,2,2),(106,6,'2016-11-03',1,0,0,0,0,0,0,0,0,0,0,0,0,0,0,0,0,0,0,0,0,0,0,0,2,1),(107,7,'2016-11-03',2,0,0,0,0,0,0,0,0,0,0,0,0,0,0,0,0,0,0,0,0,0,0,0,2,2),(108,8,'2016-11-03',2,0,0,0,0,0,0,0,0,0,0,0,0,0,1,0,0,0,0,0,0,0,0,0,2,3),(109,9,'2016-11-03',2,0,0,0,0,0,0,0,0,0,0,0,0,0,0,0,0,0,0,0,0,0,0,0,2,2),(110,10,'2016-11-03',2,0,0,0,0,0,0,0,0,0,0,0,0,0,0,0,0,0,0,0,0,0,0,0,2,2),(111,1,'2016-11-03',4,0,0,0,0,0,1,0,0,0,0,0,0,0,0,0,0,0,0,0,0,0,0,0,3,5),(112,2,'2016-11-03',0,0,0,0,0,0,0,0,0,0,0,0,0,0,0,0,0,0,0,0,0,0,0,0,3,0),(113,3,'2016-11-03',2,0,0,0,0,0,0,0,0,0,0,0,1,0,0,0,0,0,0,0,0,0,0,0,3,3),(114,4,'2016-11-03',1,0,0,0,0,0,0,0,0,0,0,1,0,0,0,0,0,0,0,0,0,0,0,0,3,2),(115,5,'2016-11-03',4,0,0,0,0,0,0,0,0,0,0,0,0,1,0,1,0,0,0,0,0,0,0,0,3,6),(116,6,'2016-11-03',1,0,0,0,0,0,0,0,1,0,0,0,0,0,0,0,0,0,0,0,0,0,0,0,3,2),(117,7,'2016-11-03',4,0,0,0,0,1,0,0,0,0,0,0,0,0,0,0,0,0,0,0,0,0,0,0,3,5),(118,9,'2016-11-03',0,0,0,0,0,0,0,0,0,1,0,0,0,0,0,0,0,0,0,0,0,0,0,0,3,1),(119,10,'2016-11-03',4,0,0,0,0,0,0,0,0,1,0,0,0,0,0,0,0,0,0,0,0,0,0,0,3,5),(120,8,'2016-11-03',0,0,0,0,0,0,1,0,0,0,0,0,0,0,0,0,0,0,0,0,0,0,0,1,3,2),(121,1,'2016-11-04',0,0,0,0,0,0,0,0,0,0,0,0,0,0,0,0,0,0,0,0,0,0,0,0,0,0),(122,2,'2016-11-04',0,0,0,0,0,0,0,0,0,0,0,0,0,0,0,0,0,0,0,0,0,0,0,0,0,0),(123,3,'2016-11-04',0,0,0,0,0,0,0,0,0,0,0,0,0,0,0,0,0,0,0,0,0,0,0,0,0,0),(124,4,'2016-11-04',0,0,0,0,0,0,0,0,0,0,0,0,0,0,0,0,0,0,0,0,0,0,0,0,0,0),(125,5,'2016-11-04',0,0,0,0,0,0,0,0,0,0,0,0,0,0,0,0,0,0,0,0,0,0,0,0,0,0),(126,6,'2016-11-04',0,0,0,0,0,0,0,0,0,0,0,0,0,0,0,0,0,0,0,0,0,0,0,0,0,0),(127,7,'2016-11-04',0,0,0,0,0,0,0,0,0,0,0,0,0,0,0,0,0,0,0,0,0,0,0,0,0,0),(128,8,'2016-11-04',0,0,0,0,0,0,0,0,0,0,0,0,0,0,0,0,0,0,0,0,0,0,0,0,0,0),(129,9,'2016-11-04',0,0,0,0,0,0,0,0,0,0,0,0,0,0,0,0,0,0,0,0,0,0,0,0,0,0),(130,10,'2016-11-04',0,0,0,0,0,0,0,0,0,0,0,0,0,0,0,0,0,0,0,0,0,0,0,0,0,0),(131,1,'2016-11-04',0,0,0,0,0,0,0,0,0,0,0,0,0,0,0,0,0,0,0,0,0,0,0,0,1,0),(132,2,'2016-11-04',0,0,0,0,0,0,0,0,0,0,0,0,0,0,0,0,0,0,0,0,0,0,0,0,1,0),(133,3,'2016-11-04',0,0,0,0,0,0,0,0,0,0,0,0,0,0,0,0,0,0,0,0,0,0,0,0,1,0),(134,4,'2016-11-04',0,0,0,0,0,0,0,0,0,0,0,0,0,0,0,0,0,0,0,0,0,0,0,0,1,0),(135,5,'2016-11-04',0,0,0,0,0,0,0,0,0,0,0,0,0,0,0,0,0,0,0,0,0,0,0,0,1,0),(136,6,'2016-11-04',0,0,0,0,0,0,0,0,0,0,0,0,0,0,0,0,0,0,0,0,0,0,0,0,1,0),(137,7,'2016-11-04',0,0,0,0,0,0,0,0,0,0,0,0,0,0,0,0,0,0,0,0,0,0,0,0,1,0),(138,8,'2016-11-04',0,0,0,0,0,0,0,0,0,0,0,0,0,0,0,0,0,0,0,0,0,0,0,0,1,0),(139,9,'2016-11-04',0,0,0,0,0,0,0,0,0,0,0,0,0,0,0,0,0,0,0,0,0,0,0,0,1,0),(140,10,'2016-11-04',0,0,0,0,0,0,0,0,0,0,0,0,0,0,0,0,0,0,0,0,0,0,0,0,1,0),(141,1,'2016-11-04',0,0,0,0,0,0,0,0,0,0,0,0,0,0,0,0,0,0,0,0,0,0,0,0,2,0),(142,2,'2016-11-04',0,0,0,0,0,0,0,0,0,0,0,0,0,0,0,0,0,0,0,0,0,0,0,0,2,0),(143,3,'2016-11-04',0,0,0,0,0,0,0,0,0,0,0,0,0,0,0,0,0,0,0,0,0,0,0,0,2,0),(144,4,'2016-11-04',0,0,0,0,0,0,0,0,0,0,0,0,0,0,0,0,0,0,0,0,0,0,0,0,2,0),(145,5,'2016-11-04',0,0,0,0,0,0,0,0,0,0,0,0,0,0,0,0,0,0,0,0,0,0,0,0,2,0),(146,6,'2016-11-04',0,0,0,0,0,0,0,0,0,0,0,0,0,0,0,0,0,0,0,0,0,0,0,0,2,0),(147,7,'2016-11-04',0,0,0,0,0,0,0,0,0,0,0,0,0,0,0,0,0,0,0,0,0,0,0,0,2,0),(148,8,'2016-11-04',0,0,0,0,0,0,0,0,0,0,0,0,0,0,0,0,0,0,0,0,0,0,0,0,2,0),(149,9,'2016-11-04',0,0,0,0,0,0,0,0,0,0,0,0,0,0,0,0,0,0,0,0,0,0,0,0,2,0),(150,10,'2016-11-04',0,0,0,0,0,0,0,0,0,0,0,0,0,0,0,0,0,0,0,0,0,0,0,0,2,0),(151,1,'2016-11-04',0,0,0,0,0,0,0,0,0,0,0,0,0,0,0,0,0,0,0,0,0,0,0,0,3,0),(152,2,'2016-11-04',0,0,0,0,0,0,0,0,0,0,0,0,0,0,0,0,0,0,0,0,0,0,0,0,3,0),(153,3,'2016-11-04',0,0,0,0,0,0,0,0,0,0,0,0,0,0,0,0,0,0,0,0,0,0,0,0,3,0),(154,4,'2016-11-04',0,0,0,0,0,0,0,0,0,0,0,0,0,0,0,0,0,0,0,0,0,0,0,0,3,0),(155,5,'2016-11-04',0,0,0,0,0,0,0,0,0,0,0,0,0,0,0,0,0,0,0,0,0,0,0,0,3,0),(156,6,'2016-11-04',0,0,0,0,0,0,0,0,0,0,0,0,0,0,0,0,0,0,0,0,0,0,0,0,3,0),(157,7,'2016-11-04',0,0,0,0,0,0,0,0,0,0,0,0,0,0,0,0,0,0,0,0,0,0,0,0,3,0),(158,9,'2016-11-04',0,0,0,0,0,0,0,0,0,0,0,0,0,0,0,0,0,0,0,0,0,0,0,0,3,0),(159,10,'2016-11-04',0,0,0,0,0,0,0,0,0,0,0,0,0,0,0,0,0,0,0,0,0,0,0,0,3,0),(160,8,'2016-11-04',0,0,0,0,0,0,0,0,0,0,0,0,0,0,0,0,0,0,0,0,0,0,0,0,3,0),(161,1,'2016-11-05',0,0,0,0,0,0,0,0,0,0,0,0,0,0,0,0,0,0,0,0,0,0,0,0,0,0),(162,2,'2016-11-05',0,0,0,0,0,0,0,0,0,0,0,0,0,0,0,0,0,0,0,0,0,0,0,0,0,0),(163,3,'2016-11-05',0,0,0,0,0,0,0,0,0,0,0,0,0,0,0,0,0,0,0,0,0,0,0,0,0,0),(164,4,'2016-11-05',0,0,0,0,0,0,0,0,0,0,0,0,0,0,0,0,0,0,0,0,0,0,0,0,0,0),(165,5,'2016-11-05',0,0,0,0,0,0,0,0,0,0,0,0,0,0,0,0,0,0,0,0,0,0,0,0,0,0),(166,6,'2016-11-05',0,0,0,0,0,0,0,0,0,0,0,0,0,0,0,0,0,0,0,0,0,0,0,0,0,0),(167,7,'2016-11-05',0,0,0,0,0,0,0,0,0,0,0,0,0,0,0,0,0,0,0,0,0,0,0,0,0,0),(168,8,'2016-11-05',0,0,0,0,0,0,0,0,0,0,0,0,0,0,0,0,0,0,0,0,0,0,0,0,0,0),(169,9,'2016-11-05',0,0,0,0,0,0,0,0,0,0,0,0,0,0,0,0,0,0,0,0,0,0,0,0,0,0),(170,10,'2016-11-05',0,0,0,0,0,0,0,0,0,0,0,0,0,0,0,0,0,0,0,0,0,0,0,0,0,0),(171,1,'2016-11-05',0,0,0,0,0,0,0,0,0,0,0,0,0,0,0,0,0,0,0,0,0,0,0,0,1,0),(172,2,'2016-11-05',0,0,0,0,0,0,0,0,0,0,0,0,0,0,0,0,0,0,0,0,0,0,0,0,1,0),(173,3,'2016-11-05',0,0,0,0,0,0,0,0,0,0,0,0,0,0,0,0,0,0,0,0,0,0,0,0,1,0),(174,4,'2016-11-05',0,0,0,0,0,0,0,0,0,0,0,0,0,0,0,0,0,0,0,0,0,0,0,0,1,0),(175,5,'2016-11-05',0,0,0,0,0,0,0,0,0,0,0,0,0,0,0,0,0,0,0,0,0,0,0,0,1,0),(176,6,'2016-11-05',0,0,0,0,0,0,0,0,0,0,0,0,0,0,0,0,0,0,0,0,0,0,0,0,1,0),(177,7,'2016-11-05',0,0,0,0,0,0,0,0,0,0,0,0,0,0,0,0,0,0,0,0,0,0,0,0,1,0),(178,8,'2016-11-05',0,0,0,0,0,0,0,0,0,0,0,0,0,0,0,0,0,0,0,0,0,0,0,0,1,0),(179,9,'2016-11-05',0,0,0,0,0,0,0,0,0,0,0,0,0,0,0,0,0,0,0,0,0,0,0,0,1,0),(180,10,'2016-11-05',0,0,0,0,0,0,0,0,0,0,0,0,0,0,0,0,0,0,0,0,0,0,0,0,1,0),(181,1,'2016-11-05',0,0,0,0,0,0,0,0,0,0,0,0,0,0,0,0,0,0,0,0,0,0,0,0,2,0),(182,2,'2016-11-05',0,0,0,0,0,0,0,0,0,0,0,0,0,0,0,0,0,0,0,0,0,0,0,0,2,0),(183,3,'2016-11-05',0,0,0,0,0,0,0,0,0,0,0,0,0,0,0,0,0,0,0,0,0,0,0,0,2,0),(184,4,'2016-11-05',0,0,0,0,0,0,0,0,0,0,0,0,0,0,0,0,0,0,0,0,0,0,0,0,2,0),(185,5,'2016-11-05',0,0,0,0,0,0,0,0,0,0,0,0,0,0,0,0,0,0,0,0,0,0,0,0,2,0),(186,6,'2016-11-05',0,0,0,0,0,0,0,0,0,0,0,0,0,0,0,0,0,0,0,0,0,0,0,0,2,0),(187,7,'2016-11-05',0,0,0,0,0,0,0,0,0,0,0,0,0,0,0,0,0,0,0,0,0,0,0,0,2,0),(188,8,'2016-11-05',0,0,0,0,0,0,0,0,0,0,0,0,0,0,0,0,0,0,0,0,0,0,0,0,2,0),(189,9,'2016-11-05',0,0,0,0,0,0,0,0,0,0,0,0,0,0,0,0,0,0,0,0,0,0,0,0,2,0),(190,10,'2016-11-05',0,0,0,0,0,0,0,0,0,0,0,0,0,0,0,0,0,0,0,0,0,0,0,0,2,0),(191,1,'2016-11-05',0,0,0,0,0,0,0,0,0,0,0,0,0,0,0,0,0,0,0,0,0,0,0,0,3,0),(192,2,'2016-11-05',0,0,0,0,0,0,0,0,0,0,0,0,0,0,0,0,0,0,0,0,0,0,0,0,3,0),(193,3,'2016-11-05',0,0,0,0,0,0,0,0,0,0,0,0,0,0,0,0,0,0,0,0,0,0,0,0,3,0),(194,4,'2016-11-05',0,0,0,0,0,0,0,0,0,0,0,0,0,0,0,0,0,0,0,0,0,0,0,0,3,0),(195,5,'2016-11-05',0,0,0,0,0,0,0,0,0,0,0,0,0,0,0,0,0,0,0,0,0,0,0,0,3,0),(196,6,'2016-11-05',0,0,0,0,0,0,0,0,0,0,0,0,0,0,0,0,0,0,0,0,0,0,0,0,3,0),(197,7,'2016-11-05',0,0,0,0,0,0,0,0,0,0,0,0,0,0,0,0,0,0,0,0,0,0,0,0,3,0),(198,9,'2016-11-05',0,0,0,0,0,0,0,0,0,0,0,0,0,0,0,0,0,0,0,0,0,0,0,0,3,0),(199,10,'2016-11-05',0,0,0,0,0,0,0,0,0,0,0,0,0,0,0,0,0,0,0,0,0,0,0,0,3,0),(200,8,'2016-11-05',0,0,0,0,0,0,0,0,0,0,0,0,0,0,0,0,0,0,0,0,0,0,0,0,3,0),(201,1,'2016-11-06',0,0,0,0,0,0,0,0,0,0,0,0,0,0,0,0,0,0,0,0,0,0,1,0,0,1),(202,2,'2016-11-06',0,0,0,0,0,0,0,0,0,0,0,0,0,0,0,0,0,0,0,0,0,0,1,0,0,1),(203,3,'2016-11-06',0,0,0,0,0,0,0,0,0,0,0,0,0,0,0,0,0,0,0,0,0,0,2,0,0,2),(204,4,'2016-11-06',0,0,0,0,0,0,0,0,0,0,0,0,0,0,0,0,0,0,0,0,0,0,1,0,0,1),(205,5,'2016-11-06',0,0,0,0,0,0,0,0,0,0,0,0,0,0,0,0,0,0,0,0,0,0,1,0,0,1),(206,6,'2016-11-06',0,0,0,0,0,0,0,0,0,0,0,0,0,0,0,0,0,0,0,0,0,0,1,0,0,1),(207,7,'2016-11-06',0,0,0,0,0,0,0,0,0,0,0,0,0,0,0,0,0,0,0,0,0,0,5,0,0,5),(208,8,'2016-11-06',0,0,0,0,0,0,0,0,0,0,0,0,0,0,0,0,0,0,0,0,0,0,1,0,0,1),(209,9,'2016-11-06',0,0,0,0,0,0,0,0,0,0,0,0,0,0,0,0,0,0,0,0,0,0,1,0,0,1),(210,10,'2016-11-06',0,0,0,0,0,0,0,0,0,0,0,0,0,0,0,0,0,0,0,0,0,0,1,0,0,1),(211,1,'2016-11-06',0,0,0,0,0,0,0,0,0,0,0,0,0,0,0,0,0,0,0,0,0,0,1,0,1,1),(212,2,'2016-11-06',0,0,0,0,0,0,0,0,0,0,0,0,0,0,0,0,0,0,0,0,0,0,1,0,1,1),(213,3,'2016-11-06',0,0,0,0,0,0,0,0,0,0,0,0,0,0,0,0,0,0,0,0,0,0,1,0,1,1),(214,4,'2016-11-06',0,0,0,0,0,0,0,0,0,0,0,0,0,0,0,0,0,0,0,0,0,0,1,0,1,1),(215,5,'2016-11-06',0,0,0,0,0,0,0,0,0,0,0,0,0,0,0,0,0,0,0,0,0,0,0,0,1,0),(216,6,'2016-11-06',0,0,0,0,0,0,0,0,0,0,0,0,0,0,0,0,0,0,0,0,0,0,0,0,1,0),(217,7,'2016-11-06',0,0,0,0,0,0,0,0,0,0,0,0,0,0,0,0,0,0,0,0,0,0,1,0,1,1),(218,8,'2016-11-06',0,0,0,0,0,0,0,0,0,0,0,0,0,0,0,0,0,0,0,0,0,0,1,0,1,1),(219,9,'2016-11-06',0,0,0,0,0,0,0,0,0,0,0,0,0,0,0,0,0,0,0,0,0,0,0,0,1,0),(220,10,'2016-11-06',0,0,0,0,0,0,0,0,0,0,0,0,0,0,0,0,0,0,0,0,0,0,2,0,1,2),(221,1,'2016-11-06',0,0,0,0,0,0,0,0,0,0,0,0,0,0,0,0,0,0,0,0,0,0,0,0,2,0),(222,2,'2016-11-06',0,0,0,0,0,0,0,0,0,0,0,0,0,0,0,0,0,0,0,0,0,0,1,0,2,1),(223,3,'2016-11-06',0,0,0,0,0,0,0,0,0,0,0,0,0,0,0,0,0,0,0,0,0,0,1,0,2,1),(224,4,'2016-11-06',0,0,0,0,0,0,0,0,0,0,0,0,0,0,0,0,0,0,0,0,0,0,0,0,2,0),(225,5,'2016-11-06',0,0,0,0,0,0,0,0,0,0,0,0,0,0,0,0,0,0,0,0,0,0,0,0,2,0),(226,6,'2016-11-06',0,0,0,0,0,0,0,0,0,0,0,0,0,0,0,0,0,0,0,0,0,0,0,0,2,0),(227,7,'2016-11-06',0,0,0,0,0,0,0,0,0,0,0,0,0,0,0,0,0,0,0,0,0,0,0,0,2,0),(228,8,'2016-11-06',0,0,0,0,0,0,0,0,0,0,0,0,0,0,0,0,0,0,0,0,0,0,0,0,2,0),(229,9,'2016-11-06',0,0,0,0,0,0,0,0,0,0,0,0,0,0,0,0,0,0,0,0,0,0,0,0,2,0),(230,10,'2016-11-06',0,0,0,0,0,0,0,0,0,0,0,0,0,0,0,0,0,0,0,0,0,0,0,0,2,0),(231,1,'2016-11-06',0,0,0,0,0,0,0,0,0,0,0,0,0,0,0,0,0,0,0,0,0,0,0,0,3,0),(232,2,'2016-11-06',0,0,0,0,0,0,0,0,0,0,0,0,0,0,0,0,0,0,0,0,0,0,0,0,3,0),(233,3,'2016-11-06',0,0,0,0,0,0,0,0,0,0,0,0,0,0,0,0,0,0,0,0,0,0,0,0,3,0),(234,4,'2016-11-06',0,0,0,0,0,0,0,0,0,0,0,0,0,0,0,0,0,0,0,0,0,0,1,0,3,1),(235,5,'2016-11-06',0,0,0,0,0,0,0,0,0,0,0,0,0,0,0,0,0,0,0,0,0,0,0,0,3,0),(236,6,'2016-11-06',0,0,0,0,0,0,0,0,0,0,0,0,0,0,0,0,0,0,0,0,0,0,1,0,3,1),(237,7,'2016-11-06',0,0,0,0,0,0,0,0,0,0,0,0,0,0,0,0,0,0,0,0,0,0,0,0,3,0),(238,9,'2016-11-06',0,0,0,0,0,0,0,0,0,0,0,0,0,0,0,0,0,0,0,0,0,0,1,0,3,1),(239,10,'2016-11-06',0,0,0,0,0,0,0,0,0,0,0,0,0,0,0,0,0,0,0,0,0,0,0,0,3,0),(240,8,'2016-11-06',0,0,0,0,0,0,0,0,0,0,0,0,0,0,0,0,0,0,0,0,0,0,0,0,3,0),(241,1,'2016-11-07',0,0,0,0,0,0,0,0,0,0,0,0,0,0,0,0,0,0,0,0,0,0,0,0,0,0),(242,2,'2016-11-07',0,0,0,0,0,0,0,0,0,0,0,0,0,0,0,0,0,0,0,0,0,0,0,0,0,0),(243,3,'2016-11-07',0,0,0,0,0,0,0,0,0,0,0,0,0,0,0,0,0,0,0,0,0,0,0,0,0,0),(244,4,'2016-11-07',0,0,0,0,0,0,0,0,0,0,0,0,0,0,0,0,0,0,0,0,0,0,0,0,0,0),(245,5,'2016-11-07',0,0,0,0,0,0,0,0,0,0,0,0,0,0,0,0,0,0,0,0,0,0,0,0,0,0),(246,6,'2016-11-07',0,0,0,0,0,0,0,0,0,0,0,0,0,0,0,0,0,0,0,0,0,0,0,0,0,0),(247,7,'2016-11-07',0,0,0,0,0,0,0,0,0,0,0,0,0,0,0,0,0,0,0,0,0,0,0,0,0,0),(248,8,'2016-11-07',0,0,0,0,0,0,0,0,0,0,0,0,0,0,0,0,0,0,0,0,0,0,0,0,0,0),(249,9,'2016-11-07',0,0,0,0,0,0,0,0,0,0,0,0,0,0,0,0,0,0,0,0,0,0,0,0,0,0),(250,10,'2016-11-07',0,0,0,0,0,0,0,0,0,0,0,0,0,0,0,0,0,0,0,0,0,0,0,0,0,0),(251,1,'2016-11-07',0,0,0,0,0,0,0,0,0,0,0,0,0,0,0,0,0,0,0,0,0,0,0,0,1,0),(252,2,'2016-11-07',0,0,0,0,0,0,0,0,0,0,0,0,0,0,0,0,0,0,0,0,0,0,0,0,1,0),(253,3,'2016-11-07',0,0,0,0,0,0,0,0,0,0,0,0,0,0,0,0,0,0,0,0,0,0,0,0,1,0),(254,4,'2016-11-07',0,0,0,0,0,0,0,0,0,0,0,0,0,0,0,0,0,0,0,0,0,0,0,0,1,0),(255,5,'2016-11-07',0,0,0,0,0,0,0,0,0,0,0,0,0,0,0,0,0,0,0,0,0,0,0,0,1,0),(256,6,'2016-11-07',0,0,0,0,0,0,0,0,0,0,0,0,0,0,0,0,0,0,0,0,0,0,0,0,1,0),(257,7,'2016-11-07',0,0,0,0,0,0,0,0,0,0,0,0,0,0,0,0,0,0,0,0,0,0,0,0,1,0),(258,8,'2016-11-07',0,0,0,0,0,0,0,0,0,0,0,0,0,0,0,0,0,0,0,0,0,0,0,0,1,0),(259,9,'2016-11-07',0,0,0,0,0,0,0,0,0,0,0,0,0,0,0,0,0,0,0,0,0,0,0,0,1,0),(260,10,'2016-11-07',0,0,0,0,0,0,0,0,0,0,0,0,0,0,0,0,0,0,0,0,0,0,0,0,1,0),(261,1,'2016-11-07',0,0,0,0,0,0,0,0,0,0,0,0,0,0,0,0,0,0,0,0,0,0,0,0,2,0),(262,2,'2016-11-07',0,0,0,0,0,0,0,0,0,0,0,0,0,0,0,0,0,0,0,0,0,0,0,0,2,0),(263,3,'2016-11-07',0,0,0,0,0,0,0,0,0,0,0,0,0,0,0,0,0,0,0,0,0,0,0,0,2,0),(264,4,'2016-11-07',0,0,0,0,0,0,0,0,0,0,0,0,0,0,0,0,0,0,0,0,0,0,0,0,2,0),(265,5,'2016-11-07',0,0,0,0,0,0,0,0,0,0,0,0,0,0,0,0,0,0,0,0,0,0,0,0,2,0),(266,6,'2016-11-07',0,0,0,0,0,0,0,0,0,0,0,0,0,0,0,0,0,0,0,0,0,0,0,0,2,0),(267,7,'2016-11-07',0,0,0,0,0,0,0,0,0,0,0,0,0,0,0,0,0,0,0,0,0,0,0,0,2,0),(268,8,'2016-11-07',0,0,0,0,0,0,0,0,0,0,0,0,0,0,0,0,0,0,0,0,0,0,0,0,2,0),(269,9,'2016-11-07',0,0,0,0,0,0,0,0,0,0,0,0,0,0,0,0,0,0,0,0,0,0,0,0,2,0),(270,10,'2016-11-07',0,0,0,0,0,0,0,0,0,0,0,0,0,0,0,0,0,0,0,0,0,0,0,0,2,0),(271,1,'2016-11-07',0,0,0,0,0,0,0,0,0,0,0,0,0,0,0,0,0,0,0,0,0,0,0,0,3,0),(272,2,'2016-11-07',0,0,0,0,0,0,0,0,0,0,0,0,0,0,0,0,0,0,0,0,0,0,0,0,3,0),(273,3,'2016-11-07',0,0,0,0,0,0,0,0,0,0,0,0,0,0,0,0,0,0,0,0,0,0,0,0,3,0),(274,4,'2016-11-07',0,0,0,0,0,0,0,0,0,0,0,0,0,0,0,0,0,0,0,0,0,0,0,0,3,0),(275,5,'2016-11-07',0,0,0,0,0,0,0,0,0,0,0,0,0,0,0,0,0,0,0,0,0,0,0,0,3,0),(276,6,'2016-11-07',0,0,0,0,0,0,0,0,0,0,0,0,0,0,0,0,0,0,0,0,0,0,0,0,3,0),(277,7,'2016-11-07',0,0,0,0,0,0,0,0,0,0,0,0,0,0,0,0,0,0,0,0,0,0,0,0,3,0),(278,9,'2016-11-07',0,0,0,0,0,0,0,0,0,0,0,0,0,0,0,0,0,0,0,0,0,0,0,0,3,0),(279,10,'2016-11-07',0,0,0,0,0,0,0,0,0,0,0,0,0,0,0,0,0,0,0,0,0,0,0,0,3,0),(280,8,'2016-11-07',0,0,0,0,0,0,0,0,0,0,0,0,0,0,0,0,0,0,0,0,0,0,0,0,3,0),(281,1,'2016-11-08',0,1,0,0,0,0,0,0,0,0,0,0,0,0,0,0,1,0,4,0,0,0,1,2,0,9),(282,2,'2016-11-08',1,1,0,0,0,0,0,0,0,0,0,0,0,0,0,1,0,1,2,0,0,0,3,3,0,12),(283,3,'2016-11-08',1,1,0,0,0,0,0,0,0,0,0,0,0,0,0,1,0,0,0,12,2,2,2,2,0,23),(284,4,'2016-11-08',1,1,0,0,0,0,0,0,0,0,0,0,0,0,0,0,1,0,0,1,1,0,2,3,0,10),(285,5,'2016-11-08',0,0,0,0,0,0,0,0,0,0,0,0,0,0,0,0,0,0,0,0,0,2,2,8,0,12),(286,6,'2016-11-08',0,0,0,0,0,0,0,0,0,0,0,0,0,0,0,0,0,1,0,0,1,0,1,5,0,8),(287,7,'2016-11-08',1,1,0,0,0,0,0,0,0,0,0,0,0,0,0,1,1,0,1,2,2,1,2,1,0,13),(288,8,'2016-11-08',0,1,0,0,0,0,0,0,0,0,0,0,0,0,0,0,0,0,0,1,0,0,0,0,0,2),(289,9,'2016-11-08',0,2,0,0,0,0,0,0,0,0,0,0,0,0,0,1,2,0,1,0,1,5,0,3,0,15),(290,10,'2016-11-08',0,2,0,0,0,0,0,0,0,0,0,0,0,0,0,1,0,1,2,0,1,0,1,3,0,11),(291,1,'2016-11-08',0,0,0,0,0,0,0,0,0,0,0,0,0,0,0,9,4,1,5,5,3,3,1,9,1,40),(292,2,'2016-11-08',0,0,0,0,0,0,0,0,0,0,0,0,0,0,0,1,2,2,4,2,4,8,2,1,1,26),(293,3,'2016-11-08',0,0,0,0,0,0,0,0,0,0,0,0,0,0,0,0,2,1,3,3,4,4,1,0,1,18),(294,4,'2016-11-08',0,0,0,0,0,0,0,0,0,0,0,0,0,0,0,0,4,6,2,5,2,0,3,6,1,28),(295,5,'2016-11-08',0,0,0,0,0,0,0,0,0,0,0,0,0,0,0,3,2,2,9,2,7,4,0,8,1,37),(296,6,'2016-11-08',0,0,0,0,0,0,0,0,0,0,0,0,0,0,0,1,0,2,2,2,3,6,4,3,1,23),(297,7,'2016-11-08',0,0,0,0,0,0,0,0,0,0,0,0,0,0,0,3,1,1,4,4,5,1,5,1,1,25),(298,8,'2016-11-08',0,0,0,0,0,0,0,0,0,0,0,0,0,0,0,3,0,2,3,3,0,4,3,3,1,21),(299,9,'2016-11-08',0,0,0,0,0,0,0,0,0,0,0,0,0,0,0,1,4,3,4,7,3,2,2,6,1,32),(300,10,'2016-11-08',0,0,0,0,0,0,0,0,0,0,0,0,0,0,0,0,1,0,2,1,2,3,2,5,1,16),(301,1,'2016-11-08',0,0,0,0,0,0,0,0,0,0,0,0,0,0,0,0,0,1,0,1,2,0,0,1,2,5),(302,2,'2016-11-08',0,0,0,0,0,0,0,0,0,0,0,0,0,0,0,0,0,0,4,0,0,0,0,1,2,5),(303,3,'2016-11-08',0,0,0,0,0,0,0,0,0,0,0,0,0,0,0,0,0,0,0,0,0,0,0,0,2,0),(304,4,'2016-11-08',0,0,0,0,0,0,0,0,0,0,0,0,0,0,0,1,0,1,0,1,0,1,0,0,2,4),(305,5,'2016-11-08',0,0,0,0,0,0,0,0,0,0,0,0,0,0,0,0,0,2,2,0,0,0,2,0,2,6),(306,6,'2016-11-08',0,0,0,0,0,0,0,0,0,0,0,0,0,0,0,0,0,0,0,2,0,0,0,0,2,2),(307,7,'2016-11-08',0,0,0,0,0,0,0,0,0,0,0,0,0,0,0,0,0,1,1,0,0,0,0,1,2,3),(308,8,'2016-11-08',0,0,0,0,0,0,0,0,0,0,0,0,0,0,0,0,1,0,1,1,0,2,0,1,2,6),(309,9,'2016-11-08',0,0,0,0,0,0,0,0,0,0,0,0,0,0,0,0,0,0,0,0,0,0,0,2,2,2),(310,10,'2016-11-08',0,0,0,0,0,0,0,0,0,0,0,0,0,0,0,0,0,0,0,1,1,1,1,0,2,4),(311,1,'2016-11-08',0,0,0,0,0,0,0,0,0,0,0,0,0,0,0,1,0,0,0,1,0,2,2,2,3,8),(312,2,'2016-11-08',0,0,0,0,0,0,0,0,0,0,0,0,0,0,0,1,0,0,1,0,0,1,1,1,3,5),(313,3,'2016-11-08',0,0,0,0,0,0,0,0,0,0,0,0,0,0,0,0,0,0,0,0,1,2,1,2,3,6),(314,4,'2016-11-08',0,0,0,0,0,0,0,0,0,0,0,0,0,0,0,0,0,0,0,1,1,1,0,1,3,4),(315,5,'2016-11-08',0,0,0,0,0,0,0,0,0,0,0,0,0,0,0,0,1,1,0,0,1,0,0,1,3,4),(316,6,'2016-11-08',0,0,0,0,0,0,0,0,0,0,0,0,0,0,0,0,0,1,1,0,0,0,0,2,3,4),(317,7,'2016-11-08',0,0,0,0,0,0,0,0,0,0,0,0,0,0,0,1,0,1,2,1,3,2,2,1,3,13),(318,9,'2016-11-08',0,0,0,0,0,0,0,0,0,0,0,0,0,0,0,0,0,1,0,0,0,1,0,2,3,4),(319,10,'2016-11-08',0,0,0,0,0,0,0,0,0,0,0,0,0,0,0,0,1,1,1,1,1,0,1,1,3,7),(320,8,'2016-11-08',0,0,0,0,0,0,0,0,0,0,0,0,0,0,0,0,1,0,1,1,1,0,0,0,3,4),(321,1,'2016-11-09',1,0,0,1,0,0,1,0,2,0,0,1,0,0,0,0,0,0,0,0,0,0,0,0,0,6),(322,2,'2016-11-09',0,0,0,0,0,0,0,0,0,0,0,0,0,0,3,0,0,0,0,0,0,0,0,0,0,3),(323,3,'2016-11-09',0,0,3,0,0,1,0,0,0,0,0,1,1,2,3,0,0,0,0,0,0,0,0,0,0,11),(324,4,'2016-11-09',1,1,1,0,0,0,0,0,0,0,0,0,0,0,0,0,0,0,0,0,0,0,0,0,0,3),(325,5,'2016-11-09',0,1,0,0,0,1,1,0,0,0,0,0,0,1,1,0,0,0,0,0,1,0,0,0,0,6),(326,6,'2016-11-09',0,0,0,0,0,1,0,0,1,0,0,0,0,0,1,0,0,0,0,0,0,0,0,0,0,3),(327,7,'2016-11-09',1,0,0,1,0,1,0,0,1,0,0,0,0,0,0,0,0,0,0,0,0,0,0,0,0,4),(328,8,'2016-11-09',11,2,1,0,0,2,1,0,1,0,1,0,0,1,2,0,0,0,0,0,0,0,0,0,0,22),(329,9,'2016-11-09',2,0,1,0,0,0,0,0,1,0,0,0,0,0,1,0,0,0,0,0,0,0,0,0,0,5),(330,10,'2016-11-09',0,0,0,0,0,0,2,0,0,1,0,0,0,1,3,0,0,0,0,0,0,0,0,0,0,7),(331,1,'2016-11-09',3,5,1,2,3,4,4,1,1,1,4,0,2,3,2,0,0,0,0,0,0,0,0,0,1,36),(332,2,'2016-11-09',5,2,1,0,1,0,2,0,1,0,8,1,0,0,2,0,0,0,0,0,0,0,0,0,1,23),(333,3,'2016-11-09',8,3,0,0,1,5,3,1,3,2,5,0,1,0,1,0,0,0,0,0,0,0,0,0,1,33),(334,4,'2016-11-09',2,2,5,2,0,2,3,1,0,1,2,0,2,1,0,0,0,0,0,0,0,0,0,0,1,23),(335,5,'2016-11-09',4,1,1,0,0,5,2,0,2,1,2,6,2,1,2,0,0,0,0,0,0,0,0,0,1,29),(336,6,'2016-11-09',1,1,1,1,1,3,3,0,0,0,1,2,0,2,3,0,0,0,0,0,0,0,0,0,1,19),(337,7,'2016-11-09',7,2,0,0,1,0,5,0,0,1,1,1,0,1,5,0,0,0,0,0,0,0,0,0,1,24),(338,8,'2016-11-09',3,0,2,0,5,2,3,0,0,0,1,0,1,4,1,0,0,0,0,0,0,0,0,0,1,22),(339,9,'2016-11-09',2,0,0,1,0,1,4,1,1,1,1,0,1,2,1,0,0,0,0,0,0,0,0,0,1,16),(340,10,'2016-11-09',5,3,0,0,6,0,4,2,2,2,1,1,3,0,4,0,0,0,0,0,0,0,0,0,1,33),(341,1,'2016-11-09',0,0,0,0,0,0,1,0,0,0,0,0,1,0,0,0,0,0,0,0,0,0,0,0,2,2),(342,2,'2016-11-09',0,0,0,0,0,0,1,0,2,0,1,0,0,0,0,0,0,0,0,0,0,0,0,0,2,4),(343,3,'2016-11-09',0,0,0,0,0,2,3,0,0,0,0,0,1,0,0,0,0,0,0,0,0,0,0,0,2,6),(344,4,'2016-11-09',0,0,0,0,0,0,1,0,1,1,0,0,0,0,0,0,0,0,0,0,0,0,0,0,2,3),(345,5,'2016-11-09',0,1,0,0,2,0,0,0,1,0,0,0,0,0,0,0,0,0,0,0,0,0,0,0,2,4),(346,6,'2016-11-09',0,0,0,0,0,0,1,0,0,0,0,0,0,0,0,0,0,0,0,0,0,0,0,0,2,1),(347,7,'2016-11-09',0,0,0,0,0,0,1,0,1,0,0,0,0,0,1,0,0,0,0,0,0,0,0,0,2,3),(348,8,'2016-11-09',0,0,0,0,0,2,1,0,0,0,0,0,1,0,1,0,0,0,0,0,0,0,0,0,2,5),(349,9,'2016-11-09',0,0,0,0,0,1,0,0,1,0,0,0,0,0,0,0,0,0,0,0,0,0,0,0,2,2),(350,10,'2016-11-09',0,0,0,0,0,0,1,0,0,0,1,1,0,0,2,0,0,0,0,0,0,0,0,0,2,5),(351,1,'2016-11-09',2,0,0,1,0,0,2,0,0,0,0,1,2,0,0,0,0,0,0,0,0,0,0,0,3,8),(352,2,'2016-11-09',0,0,0,1,0,0,0,0,0,0,0,1,2,0,0,0,0,0,0,0,0,0,0,0,3,4),(353,3,'2016-11-09',0,0,0,1,0,1,1,0,0,0,1,0,1,0,1,0,0,0,0,0,0,0,0,0,3,6),(354,4,'2016-11-09',2,0,0,0,0,0,1,0,0,1,0,0,0,3,0,0,0,0,0,0,0,0,0,0,3,7),(355,5,'2016-11-09',0,0,0,0,0,1,1,0,0,0,3,0,0,1,0,0,0,0,0,0,0,0,0,0,3,6),(356,6,'2016-11-09',0,0,0,0,0,0,1,0,1,0,0,0,0,0,1,0,0,0,0,0,0,0,0,0,3,3),(357,7,'2016-11-09',1,0,0,0,0,1,0,1,0,0,0,1,1,1,0,0,0,0,0,0,0,0,0,0,3,6),(358,9,'2016-11-09',0,1,1,0,0,2,1,0,0,1,3,0,0,1,0,0,0,0,0,0,0,0,0,0,3,10),(359,10,'2016-11-09',0,0,0,0,0,1,1,1,0,0,0,1,0,0,0,0,0,0,0,0,0,0,0,0,3,4),(360,8,'2016-11-09',0,1,0,1,0,1,1,1,0,1,0,0,0,2,1,0,0,0,0,0,0,0,0,0,3,9),(361,11,'2016-11-09',0,0,0,0,0,0,0,0,0,0,0,0,0,0,0,6,5,6,4,3,4,0,1,1,0,30),(362,11,'2016-11-09',0,0,0,0,0,0,0,0,0,0,0,0,0,0,0,17,11,18,19,28,19,8,4,3,1,127),(363,11,'2016-11-09',0,0,0,0,0,0,0,0,0,0,0,0,0,0,0,5,0,1,1,5,4,0,1,0,2,17),(364,11,'2016-11-09',0,0,0,0,0,0,0,0,0,0,0,0,0,0,0,2,2,7,4,10,2,1,1,0,3,29),(365,1,'2016-11-10',0,0,0,0,0,0,0,0,0,0,0,0,0,1,0,0,0,0,0,0,0,0,2,0,0,3),(366,2,'2016-11-10',0,0,0,0,0,0,0,0,0,0,0,0,1,0,0,0,0,0,0,0,0,0,0,0,0,1),(367,3,'2016-11-10',0,0,0,0,0,0,0,0,0,0,0,0,0,0,0,1,0,1,0,0,1,0,0,0,0,3),(368,4,'2016-11-10',0,0,0,0,0,0,0,0,0,0,0,0,0,0,0,0,0,0,0,0,0,0,0,0,0,0),(369,5,'2016-11-10',0,0,0,0,0,0,0,0,0,0,0,0,0,0,0,0,0,0,0,0,0,0,0,0,0,0),(370,6,'2016-11-10',0,0,0,0,0,0,0,0,0,0,0,0,0,0,0,0,0,0,0,0,0,0,2,0,0,2),(371,7,'2016-11-10',0,0,0,0,0,0,0,0,0,0,0,0,0,0,0,0,0,0,0,0,0,0,0,1,0,1),(372,8,'2016-11-10',0,0,0,0,0,0,0,0,0,0,0,0,0,0,0,0,0,0,0,0,0,0,0,0,0,0),(373,9,'2016-11-10',0,0,0,0,0,0,0,0,0,0,0,0,0,0,0,0,0,0,0,0,0,1,0,0,0,1),(374,10,'2016-11-10',0,0,0,0,0,0,0,0,0,0,0,0,0,0,0,0,0,0,0,0,1,0,0,0,0,1),(375,11,'2016-11-10',2,0,0,0,2,1,1,0,0,0,0,0,0,0,0,0,0,0,0,0,0,0,0,0,0,6),(376,1,'2016-11-10',0,0,0,0,0,0,0,0,0,0,0,0,1,2,0,0,0,1,1,2,0,2,0,1,1,10),(377,2,'2016-11-10',0,0,0,0,0,0,0,0,0,0,0,2,0,0,0,0,1,0,1,0,0,0,1,1,1,6),(378,3,'2016-11-10',0,0,0,0,0,0,0,0,0,1,0,0,0,1,0,1,1,0,1,1,1,1,0,0,1,8),(379,4,'2016-11-10',0,0,0,0,0,0,0,0,0,0,0,0,0,0,0,0,0,0,0,0,0,0,0,2,1,2),(380,5,'2016-11-10',0,0,0,0,0,0,0,0,0,0,0,0,0,0,1,0,0,0,0,1,1,1,1,2,1,7),(381,6,'2016-11-10',0,0,0,0,0,0,0,0,0,0,0,0,0,0,1,0,0,0,1,2,3,1,0,1,1,9),(382,7,'2016-11-10',0,0,0,0,0,0,0,0,0,0,0,0,0,0,1,0,0,1,2,0,0,1,0,3,1,8),(383,8,'2016-11-10',0,0,0,0,0,1,0,0,0,0,2,1,0,0,0,3,1,1,2,0,1,1,0,0,1,13),(384,9,'2016-11-10',0,0,0,0,0,0,0,0,0,0,0,0,1,0,0,0,0,0,0,0,0,0,0,0,1,1),(385,10,'2016-11-10',0,0,0,0,0,0,0,0,0,0,0,0,0,1,0,0,0,1,1,0,0,0,1,0,1,4),(386,11,'2016-11-10',0,3,4,1,0,3,7,3,1,0,0,0,0,0,0,0,0,0,0,0,0,0,0,0,1,22),(387,1,'2016-11-10',0,0,0,0,0,0,0,0,0,0,0,1,0,0,0,0,0,0,0,0,0,0,0,0,2,1),(388,2,'2016-11-10',0,0,0,0,0,0,0,0,0,0,0,0,0,0,0,0,0,0,0,0,0,0,0,0,2,0),(389,3,'2016-11-10',0,0,0,0,0,0,0,0,0,0,0,0,0,0,0,0,0,0,0,0,0,0,0,0,2,0),(390,4,'2016-11-10',0,0,0,0,0,0,0,0,0,0,0,0,0,0,0,0,0,0,0,0,0,0,0,0,2,0),(391,5,'2016-11-10',0,0,0,0,0,0,0,0,0,0,0,0,0,0,0,0,0,0,0,0,0,0,0,0,2,0),(392,6,'2016-11-10',0,0,0,0,0,0,0,0,0,0,0,0,0,0,0,0,0,0,0,0,0,0,0,0,2,0),(393,7,'2016-11-10',0,0,0,0,0,0,0,0,0,0,0,0,0,0,0,0,0,0,0,0,0,0,0,0,2,0),(394,8,'2016-11-10',0,0,0,0,0,0,0,0,0,0,0,0,0,0,0,0,0,0,0,0,0,0,0,0,2,0),(395,9,'2016-11-10',0,0,0,0,0,0,0,0,0,0,0,1,0,0,0,0,0,0,0,0,0,0,0,0,2,1),(396,11,'2016-11-10',2,1,0,0,0,1,1,1,1,0,0,0,0,0,0,0,0,0,0,0,0,0,0,0,2,7),(397,10,'2016-11-10',0,0,0,0,0,0,0,0,0,0,0,0,0,0,0,0,0,0,1,0,1,0,0,0,2,2),(398,1,'2016-11-10',0,0,0,0,0,0,0,0,0,0,0,0,0,1,0,0,1,0,1,0,1,1,0,0,3,5),(399,2,'2016-11-10',0,0,0,0,0,0,0,0,0,0,0,0,0,1,0,0,0,0,0,0,2,0,0,0,3,3),(400,3,'2016-11-10',0,0,0,0,0,0,0,0,0,0,0,0,0,0,0,0,0,0,0,0,0,0,1,0,3,1),(401,4,'2016-11-10',0,0,0,0,0,0,0,0,0,0,0,0,0,0,0,0,0,0,0,0,0,0,0,1,3,1),(402,5,'2016-11-10',0,0,0,0,0,0,0,0,0,0,1,0,0,0,1,0,0,0,0,0,0,1,0,0,3,3),(403,6,'2016-11-10',0,0,0,0,0,0,0,0,0,0,0,0,0,0,0,0,0,0,0,0,0,0,0,0,3,0),(404,7,'2016-11-10',0,0,0,0,0,0,0,0,0,0,0,1,0,0,0,0,0,0,0,0,0,0,0,0,3,1),(405,9,'2016-11-10',0,0,0,0,0,0,0,0,0,0,1,0,0,0,0,0,0,0,0,0,0,0,0,0,3,1),(406,10,'2016-11-10',0,0,0,0,0,0,0,0,0,0,0,0,0,0,0,0,0,0,0,0,0,1,0,0,3,1),(407,11,'2016-11-10',1,0,0,0,0,0,1,0,0,0,0,0,0,0,0,0,0,0,0,0,0,0,0,0,3,2),(408,8,'2016-11-10',0,0,0,0,0,0,0,0,0,1,0,0,1,0,0,0,0,0,0,0,0,0,0,0,3,2),(409,1,'2016-11-11',0,0,0,0,0,0,0,0,0,0,0,1,0,0,0,1,1,0,0,0,1,0,0,0,0,4),(410,2,'2016-11-11',0,0,0,0,0,0,0,0,0,0,0,0,0,0,1,0,1,0,2,2,0,3,0,1,0,10),(411,3,'2016-11-11',0,0,0,0,0,0,0,0,0,0,0,0,0,0,0,0,0,0,0,0,1,2,1,1,0,5),(412,4,'2016-11-11',3,0,0,0,0,0,0,0,0,0,0,0,0,0,1,3,0,0,0,1,1,2,2,1,0,14),(413,5,'2016-11-11',0,0,0,0,0,0,1,0,0,0,0,0,1,0,0,0,0,0,1,1,1,1,0,1,0,7),(414,6,'2016-11-11',0,0,0,0,0,0,0,0,0,0,0,0,0,2,1,0,0,1,1,1,2,0,0,2,0,10),(415,7,'2016-11-11',0,0,0,0,0,0,0,0,0,0,0,0,0,1,0,0,0,0,0,1,0,0,1,2,0,5),(416,8,'2016-11-11',1,0,0,0,0,0,0,0,0,0,0,0,1,0,0,1,0,0,0,3,0,0,0,1,0,7),(417,9,'2016-11-11',0,0,0,0,0,0,0,0,0,0,0,1,0,0,0,1,0,0,0,1,2,0,2,3,0,10),(418,10,'2016-11-11',0,0,0,0,0,0,1,0,0,1,1,1,0,1,0,1,1,0,1,0,0,1,0,1,0,10),(419,1,'2016-11-11',0,0,1,1,0,1,0,1,0,0,4,1,4,3,2,1,1,1,1,1,2,3,5,1,1,34),(420,2,'2016-11-11',0,0,0,0,0,3,0,0,0,1,1,0,1,3,1,1,1,5,1,1,4,0,3,5,1,31),(421,3,'2016-11-11',0,0,0,1,1,0,2,2,0,0,1,0,0,0,1,0,1,1,1,3,6,1,2,8,1,31),(422,4,'2016-11-11',0,0,0,0,0,1,3,0,0,0,0,0,3,1,1,0,1,1,2,2,4,2,3,4,1,28),(423,5,'2016-11-11',0,0,1,1,0,1,2,0,1,1,1,1,0,2,0,2,5,0,3,2,4,1,0,1,1,29),(424,6,'2016-11-11',5,0,0,0,0,1,0,0,0,0,1,0,0,2,0,2,0,1,1,0,1,1,2,3,1,20),(425,7,'2016-11-11',1,0,0,0,0,1,2,2,0,0,1,1,2,2,0,0,0,0,1,0,4,0,4,3,1,24),(426,8,'2016-11-11',1,0,0,0,0,2,3,0,0,0,0,0,0,2,2,1,0,1,2,1,3,1,1,6,1,26),(427,9,'2016-11-11',0,1,1,0,0,1,3,1,0,0,0,0,0,1,1,2,0,0,0,3,2,0,3,6,1,25),(428,10,'2016-11-11',0,1,0,2,0,0,1,1,1,0,0,0,1,2,1,2,2,1,1,1,1,4,0,7,1,29),(429,1,'2016-11-11',0,1,0,0,0,0,0,0,0,0,0,0,0,0,0,0,1,0,0,0,0,0,0,0,2,2),(430,2,'2016-11-11',0,0,0,0,0,0,0,0,0,0,0,0,0,0,0,1,0,0,0,0,0,0,1,0,2,2),(431,3,'2016-11-11',0,0,0,0,0,0,2,0,0,0,1,0,1,1,0,0,1,0,0,0,0,0,0,0,2,6),(432,4,'2016-11-11',0,0,0,0,0,0,0,0,0,0,0,0,1,1,0,1,0,0,2,0,0,1,0,1,2,7),(433,5,'2016-11-11',0,0,0,0,0,1,0,1,0,0,0,0,0,0,0,0,0,0,0,0,0,0,0,0,2,2),(434,6,'2016-11-11',0,0,0,0,0,0,0,0,0,0,0,0,1,0,1,1,0,0,1,0,0,0,0,0,2,4),(435,7,'2016-11-11',0,0,0,0,0,0,0,1,0,0,1,0,1,0,0,0,1,0,0,0,0,1,0,0,2,5),(436,8,'2016-11-11',0,0,0,0,0,0,0,0,0,0,0,0,0,1,0,0,0,0,0,1,0,1,0,1,2,4),(437,9,'2016-11-11',0,0,0,0,0,0,0,0,0,0,0,0,0,0,0,0,0,0,0,2,1,0,1,0,2,4),(438,10,'2016-11-11',0,0,0,0,0,0,0,0,0,0,0,0,1,0,0,1,0,0,0,0,0,1,0,0,2,3),(439,1,'2016-11-11',0,0,0,0,0,1,0,0,0,0,0,0,0,0,0,0,1,1,1,0,0,1,2,0,3,7),(440,2,'2016-11-11',0,0,0,0,0,0,0,0,0,0,0,0,0,0,2,0,1,0,0,0,3,1,1,3,3,11),(441,3,'2016-11-11',0,0,0,0,1,0,0,0,0,0,0,0,0,0,0,0,0,0,0,1,1,1,1,1,3,6),(442,4,'2016-11-11',0,0,0,0,0,0,0,0,0,0,0,2,0,0,0,0,0,0,0,0,0,0,0,1,3,3),(443,5,'2016-11-11',0,0,0,0,0,0,0,0,0,0,0,0,0,0,0,0,1,1,0,0,0,1,0,0,3,3),(444,6,'2016-11-11',0,0,0,0,0,0,0,0,0,1,0,0,0,0,1,0,0,0,0,0,1,0,0,1,3,4),(445,7,'2016-11-11',0,0,0,0,0,0,1,0,0,0,0,0,1,0,0,1,0,0,0,1,0,0,0,1,3,5),(446,9,'2016-11-11',0,1,0,0,0,0,0,1,1,0,0,0,0,1,0,0,0,0,0,1,0,0,1,0,3,6),(447,10,'2016-11-11',0,1,0,0,0,1,0,0,0,0,0,0,0,0,0,0,0,0,0,1,0,2,1,1,3,7),(448,8,'2016-11-11',0,0,0,0,0,0,0,0,0,0,0,0,0,0,0,0,0,0,1,2,1,0,0,1,3,5),(449,1,'2016-11-12',1,1,0,0,0,2,0,0,0,0,2,0,1,0,1,0,0,0,0,0,0,0,1,0,0,9),(450,2,'2016-11-12',0,1,0,0,0,0,2,0,0,0,0,0,0,0,0,0,0,1,0,0,0,0,0,0,0,4),(451,3,'2016-11-12',1,0,0,0,0,0,0,0,0,0,0,1,0,0,2,0,0,0,1,1,1,1,2,3,0,13),(452,4,'2016-11-12',2,1,1,0,1,0,0,2,1,0,0,0,0,0,0,0,1,0,0,0,1,0,0,0,0,10),(453,5,'2016-11-12',2,1,0,0,1,0,0,0,0,0,1,0,5,0,0,0,1,0,1,0,0,1,1,1,0,15),(454,6,'2016-11-12',0,0,0,0,0,0,1,4,0,0,1,2,0,0,0,0,3,0,2,0,1,0,1,0,0,15),(455,7,'2016-11-12',0,1,0,0,0,0,0,0,1,5,1,0,0,0,0,0,0,0,0,1,3,6,0,1,0,19),(456,8,'2016-11-12',0,1,0,0,3,0,2,0,0,0,2,0,0,1,1,0,0,0,0,0,2,0,0,1,0,13),(457,9,'2016-11-12',0,1,0,0,0,0,1,0,0,0,1,0,0,0,0,0,1,0,0,1,1,0,0,1,0,7),(458,10,'2016-11-12',1,1,1,0,1,0,0,1,1,1,0,0,1,0,1,1,0,0,0,0,1,2,0,2,0,15),(459,1,'2016-11-12',5,2,1,0,1,4,6,1,0,0,0,4,1,1,2,1,2,3,2,2,2,3,2,5,1,50),(460,2,'2016-11-12',1,3,2,0,2,2,4,1,2,3,1,1,0,0,0,2,0,0,2,0,3,2,1,5,1,37),(461,3,'2016-11-12',3,2,0,1,2,2,3,3,0,3,1,1,1,1,1,1,1,1,1,1,2,3,0,2,1,36),(462,4,'2016-11-12',5,1,0,0,2,5,0,1,0,0,1,0,2,0,0,0,1,0,4,0,0,2,4,5,1,33),(463,5,'2016-11-12',4,0,2,0,0,3,3,2,0,2,3,0,1,1,3,1,2,3,2,2,1,3,7,13,1,58),(464,6,'2016-11-12',1,0,0,1,3,4,2,3,0,0,5,1,1,0,2,1,0,3,3,0,1,1,1,3,1,36),(465,7,'2016-11-12',5,0,3,2,2,1,5,6,0,2,1,5,2,1,1,1,1,3,5,1,4,0,0,3,1,54),(466,8,'2016-11-12',3,3,0,0,2,0,4,2,0,5,2,1,0,0,1,0,3,3,0,1,1,2,3,7,1,43),(467,9,'2016-11-12',2,0,0,2,3,2,6,2,1,3,1,0,4,1,3,2,1,0,1,1,4,2,0,3,1,44),(468,10,'2016-11-12',5,2,0,2,1,4,3,1,2,3,2,1,1,2,1,3,2,0,1,2,3,3,4,4,1,52),(469,1,'2016-11-12',0,0,0,0,0,1,0,1,0,0,1,0,0,1,0,0,0,0,0,0,0,1,1,0,2,6),(470,2,'2016-11-12',0,0,0,0,0,1,1,0,1,0,0,0,0,0,0,0,0,0,0,1,0,0,0,0,2,4),(471,3,'2016-11-12',0,0,0,0,0,0,2,0,0,0,0,0,1,0,0,1,1,0,0,0,1,0,1,0,2,7),(472,4,'2016-11-12',0,0,0,0,0,2,0,0,0,0,0,0,0,0,0,0,0,0,0,0,1,0,0,0,2,3),(473,5,'2016-11-12',0,1,0,0,0,0,0,0,0,2,0,0,1,0,0,0,0,1,0,0,0,0,0,0,2,5),(474,6,'2016-11-12',0,0,0,1,0,0,1,0,0,0,0,0,1,0,0,0,0,0,0,0,1,0,0,1,2,5),(475,7,'2016-11-12',0,1,0,0,0,1,0,0,0,0,0,1,0,0,0,1,1,0,0,1,0,0,1,0,2,7),(476,8,'2016-11-12',0,0,0,0,0,1,0,0,2,0,0,0,0,0,0,0,0,0,1,0,0,1,0,1,2,6),(477,9,'2016-11-12',0,0,0,0,0,0,0,0,0,0,0,0,1,0,0,0,0,0,0,0,0,0,1,0,2,2),(478,10,'2016-11-12',0,0,0,0,0,0,0,0,0,0,0,0,1,1,0,0,0,1,0,0,0,0,0,2,2,5),(479,1,'2016-11-12',0,0,0,1,1,0,1,2,0,0,0,0,0,0,0,2,1,0,0,1,1,2,1,1,3,14),(480,2,'2016-11-12',1,0,0,0,0,0,0,1,1,0,1,0,0,0,0,0,0,0,0,0,1,1,0,2,3,8),(481,3,'2016-11-12',0,0,0,0,1,0,1,0,1,0,2,0,0,0,1,0,0,0,0,1,1,0,1,4,3,13),(482,4,'2016-11-12',0,0,0,0,0,0,1,0,0,1,0,0,1,0,0,0,0,0,0,1,1,0,1,1,3,7),(483,5,'2016-11-12',0,0,1,1,0,0,2,0,0,4,0,0,0,0,0,1,0,0,1,0,2,0,0,0,3,12),(484,6,'2016-11-12',1,0,0,0,0,0,1,0,0,1,1,0,2,0,1,0,0,1,0,2,0,0,0,0,3,10),(485,7,'2016-11-12',1,1,0,0,0,0,1,0,0,0,1,2,0,0,0,0,1,2,0,1,0,1,0,2,3,13),(486,9,'2016-11-12',0,0,0,0,0,0,1,0,1,1,1,1,1,1,2,1,0,0,1,1,0,0,0,0,3,12),(487,10,'2016-11-12',0,0,0,0,0,1,0,0,0,3,1,0,2,0,0,0,1,2,0,0,0,0,0,2,3,12),(488,8,'2016-11-12',0,0,0,0,0,0,1,1,0,0,0,0,1,0,0,2,0,0,1,1,3,0,0,1,3,11),(489,1,'2016-11-13',1,0,0,1,0,0,2,4,0,0,0,0,0,0,0,0,0,0,0,2,0,0,0,0,0,10),(490,2,'2016-11-13',0,1,0,0,0,0,0,0,0,0,0,0,0,1,0,0,3,2,0,0,0,1,0,0,0,8),(491,3,'2016-11-13',2,1,1,0,0,1,2,1,0,1,2,0,0,1,0,0,4,0,2,2,0,0,0,0,0,20),(492,4,'2016-11-13',1,0,0,0,0,1,0,3,0,0,1,1,1,0,0,0,0,0,0,1,1,1,0,1,0,12),(493,5,'2016-11-13',3,1,0,0,0,0,1,2,3,0,1,0,0,0,0,0,0,0,0,1,0,1,1,1,0,15),(494,6,'2016-11-13',1,1,0,0,0,0,4,1,0,0,0,1,1,0,1,0,0,0,1,0,1,0,2,2,0,16),(495,7,'2016-11-13',1,2,0,0,0,1,0,0,0,0,1,0,0,1,0,0,1,0,0,0,0,1,1,3,0,12),(496,8,'2016-11-13',2,0,0,0,0,0,2,0,0,0,0,1,0,0,0,0,0,1,0,0,0,1,1,5,0,13),(497,9,'2016-11-13',1,0,0,0,0,1,2,0,2,0,0,6,0,0,0,0,0,0,0,0,0,2,1,1,0,16),(498,10,'2016-11-13',1,3,0,0,0,0,2,0,0,0,0,0,1,0,0,0,0,0,0,0,0,0,0,2,0,9),(499,1,'2016-11-13',5,1,1,1,3,3,5,5,1,1,1,2,0,1,2,4,2,4,2,1,2,4,3,5,1,59),(500,2,'2016-11-13',3,0,0,3,0,1,1,1,0,1,1,0,1,2,1,2,1,1,0,3,1,2,1,1,1,27),(501,3,'2016-11-13',6,2,0,0,3,3,4,0,0,4,1,0,2,3,4,3,2,1,4,0,5,2,3,2,1,54),(502,4,'2016-11-13',2,2,0,2,1,3,1,0,0,3,4,1,1,3,0,3,4,2,3,1,2,4,0,2,1,44),(503,5,'2016-11-13',3,3,4,2,1,3,7,9,0,1,2,2,0,1,3,2,0,2,1,3,3,4,4,3,1,63),(504,6,'2016-11-13',5,0,1,0,2,7,3,4,2,1,0,1,1,0,3,4,0,2,3,3,2,3,2,4,1,53),(505,7,'2016-11-13',2,1,1,0,2,1,2,0,2,2,0,0,0,0,1,0,2,0,1,2,4,2,1,4,1,30),(506,8,'2016-11-13',8,2,2,1,3,1,6,1,2,2,3,3,1,1,2,3,1,0,6,1,2,4,2,6,1,63),(507,9,'2016-11-13',2,4,0,2,1,1,4,1,2,3,1,3,1,0,3,0,3,3,1,6,2,3,1,2,1,49),(508,10,'2016-11-13',4,2,5,2,1,2,3,0,1,2,0,0,2,1,2,2,0,1,0,5,3,1,2,3,1,44),(509,1,'2016-11-13',0,0,0,1,0,1,0,1,0,0,2,1,0,0,0,1,0,0,0,0,0,1,0,0,2,8),(510,2,'2016-11-13',0,0,0,0,0,0,0,0,0,0,0,0,0,0,1,0,0,0,0,0,1,0,0,0,2,2),(511,3,'2016-11-13',0,0,0,0,0,1,1,0,0,0,2,0,1,0,0,0,1,0,0,1,1,1,1,0,2,10),(512,4,'2016-11-13',1,0,0,0,1,0,1,0,0,0,3,0,0,0,0,0,0,1,0,0,1,2,0,0,2,10),(513,5,'2016-11-13',0,1,0,0,0,0,1,0,1,0,1,0,0,0,0,0,0,1,0,1,1,1,1,0,2,9),(514,6,'2016-11-13',0,0,0,0,0,1,0,0,0,1,0,0,0,0,1,0,0,1,0,1,0,0,0,2,2,7),(515,7,'2016-11-13',0,0,0,0,0,0,2,0,0,0,0,0,0,0,1,0,0,0,1,2,0,0,2,0,2,8),(516,8,'2016-11-13',0,0,0,0,1,0,0,0,0,0,1,0,0,0,0,0,0,0,1,0,2,1,0,0,2,6),(517,9,'2016-11-13',0,0,0,0,0,1,0,0,0,0,0,0,1,0,0,1,0,0,0,1,0,0,1,1,2,6),(518,10,'2016-11-13',0,0,0,0,0,0,0,0,0,0,0,0,0,0,0,0,0,0,0,1,0,0,0,0,2,1),(519,1,'2016-11-13',0,1,0,0,1,2,3,0,2,0,0,0,1,0,0,1,0,0,1,1,0,0,1,1,3,15),(520,2,'2016-11-13',1,0,0,0,0,0,0,1,1,1,0,0,0,1,0,0,1,1,0,1,0,1,0,2,3,11),(521,3,'2016-11-13',0,0,1,0,0,1,1,1,0,0,1,0,0,1,0,0,0,0,0,0,1,1,0,2,3,10),(522,4,'2016-11-13',0,1,0,0,0,1,4,0,2,0,0,0,0,0,0,0,0,0,0,0,0,0,0,2,3,10),(523,5,'2016-11-13',0,0,0,0,0,1,0,0,0,1,0,0,0,1,1,1,2,0,0,1,0,0,0,3,3,11),(524,6,'2016-11-13',0,0,0,0,0,1,0,0,3,2,0,0,0,0,0,0,1,1,0,0,1,0,1,0,3,10),(525,7,'2016-11-13',1,0,0,1,0,1,0,2,0,1,0,0,0,0,0,1,0,0,0,0,0,0,1,1,3,9),(526,9,'2016-11-13',1,0,0,0,0,0,0,0,2,0,0,0,0,1,0,0,1,0,1,1,0,0,1,0,3,8),(527,10,'2016-11-13',0,0,0,0,0,1,1,1,0,0,1,0,0,0,0,2,0,0,0,1,1,3,0,0,3,11),(528,8,'2016-11-13',0,0,0,0,0,1,1,3,2,0,1,1,1,0,0,1,1,1,0,0,0,1,1,1,3,16),(529,1,'2016-11-14',0,0,0,0,0,2,0,0,0,0,0,0,1,0,0,0,0,0,0,0,0,0,0,0,0,3),(530,2,'2016-11-14',0,1,0,1,0,0,0,0,0,0,0,0,0,0,0,0,0,0,0,0,0,0,0,0,0,2),(531,3,'2016-11-14',1,1,0,1,0,2,3,0,0,0,1,2,0,0,0,0,0,0,0,0,0,0,0,0,0,11),(532,4,'2016-11-14',5,0,0,1,0,0,0,0,0,0,0,0,0,0,0,0,0,0,0,0,0,0,0,0,0,7),(533,5,'2016-11-14',0,0,1,0,0,0,3,2,0,0,1,0,0,0,0,0,0,0,0,0,0,0,0,0,0,7),(534,6,'2016-11-14',0,0,0,3,0,0,0,0,1,0,1,1,1,0,0,0,0,0,0,0,0,0,0,0,0,7),(535,7,'2016-11-14',0,1,0,0,0,0,0,0,0,1,0,0,2,0,0,0,0,0,0,0,0,0,0,0,0,4),(536,8,'2016-11-14',3,0,0,0,0,0,0,0,0,1,2,2,0,0,0,0,0,0,0,0,0,0,0,0,0,8),(537,9,'2016-11-14',0,1,0,0,0,0,0,0,0,0,0,0,0,0,0,0,0,0,0,0,0,0,0,0,0,1),(538,10,'2016-11-14',1,0,0,0,2,0,1,0,0,0,0,0,0,0,0,0,0,0,0,0,0,0,0,0,0,4),(539,1,'2016-11-14',5,2,0,6,0,2,1,1,1,0,2,1,1,0,0,0,0,0,0,0,0,0,0,0,1,23),(540,2,'2016-11-14',4,1,0,0,2,1,6,0,1,1,1,0,1,0,0,0,0,0,0,0,0,0,0,0,1,19),(541,3,'2016-11-14',0,1,1,2,1,1,4,1,0,1,1,2,0,0,0,0,0,0,0,0,0,0,0,0,1,15),(542,4,'2016-11-14',1,3,1,3,2,1,2,2,0,0,1,1,2,0,0,0,0,0,0,0,0,0,0,0,1,20),(543,5,'2016-11-14',1,1,0,2,0,2,2,1,2,1,3,1,2,0,0,0,0,0,0,0,0,0,0,0,1,19),(544,6,'2016-11-14',4,1,0,2,4,2,6,2,0,0,1,1,2,0,0,0,0,0,0,0,0,0,0,0,1,25),(545,7,'2016-11-14',1,1,0,1,2,1,2,5,3,0,0,2,0,0,0,0,0,0,0,0,0,0,0,0,1,18),(546,8,'2016-11-14',2,1,1,0,0,0,3,2,0,1,1,0,3,0,0,0,0,0,0,0,0,0,0,0,1,14),(547,9,'2016-11-14',1,0,0,4,1,2,5,0,0,1,0,1,1,0,0,0,0,0,0,0,0,0,0,0,1,16),(548,10,'2016-11-14',1,0,1,2,0,2,2,0,0,3,0,0,2,0,0,0,0,0,0,0,0,0,0,0,1,15),(549,1,'2016-11-14',0,0,0,0,0,0,3,0,1,0,1,0,0,0,0,0,0,0,0,0,0,0,0,0,2,5),(550,2,'2016-11-14',1,0,0,0,1,1,0,0,0,1,0,0,1,0,0,0,0,0,0,0,0,0,0,0,2,5),(551,3,'2016-11-14',0,0,0,0,1,2,2,0,0,0,0,1,1,0,0,0,0,0,0,0,0,0,0,0,2,7),(552,4,'2016-11-14',0,0,0,0,0,0,3,0,0,0,0,0,1,0,0,0,0,0,0,0,0,0,0,0,2,4),(553,5,'2016-11-14',0,0,0,0,0,2,2,1,0,0,0,1,0,0,0,0,0,0,0,0,0,0,0,0,2,6),(554,6,'2016-11-14',0,0,0,0,4,0,0,0,0,1,0,0,1,0,0,0,0,0,0,0,0,0,0,0,2,6),(555,7,'2016-11-14',0,0,0,0,0,1,2,0,0,0,0,0,0,0,0,0,0,0,0,0,0,0,0,0,2,4),(556,8,'2016-11-14',0,0,0,0,0,1,2,0,0,0,0,1,0,0,0,0,0,0,0,0,0,0,0,0,2,5),(557,9,'2016-11-14',0,0,0,0,0,0,1,0,2,0,0,0,1,0,0,0,0,0,0,0,0,0,0,0,2,4),(558,10,'2016-11-14',0,0,0,0,0,2,0,1,0,3,0,0,0,0,0,0,0,0,0,0,0,0,0,0,2,6),(559,1,'2016-11-14',0,0,0,0,0,0,3,1,0,2,1,1,0,0,0,0,0,0,0,0,0,0,0,0,3,9),(560,2,'2016-11-14',0,0,0,0,0,0,2,0,1,0,0,1,0,0,0,0,0,0,0,0,0,0,0,0,3,5),(561,3,'2016-11-14',1,0,1,0,0,0,0,0,1,0,0,1,0,0,0,0,0,0,0,0,0,0,0,0,3,4),(562,4,'2016-11-14',0,0,0,0,0,0,0,1,1,2,0,0,0,0,0,0,0,0,0,0,0,0,0,0,3,4),(563,5,'2016-11-14',2,0,0,1,0,0,0,0,0,2,0,0,0,0,0,0,0,0,0,0,0,0,0,0,3,6),(564,6,'2016-11-14',0,0,0,0,0,0,1,0,0,0,0,1,0,0,0,0,0,0,0,0,0,0,0,0,3,3),(565,7,'2016-11-14',0,2,0,0,0,0,1,0,1,0,0,1,0,0,0,0,0,0,0,0,0,0,0,0,3,5),(566,9,'2016-11-14',0,0,0,0,0,0,2,0,1,0,1,0,1,0,0,0,0,0,0,0,0,0,0,0,3,5),(567,10,'2016-11-14',0,1,0,0,0,0,2,1,0,0,0,1,0,0,0,0,0,0,0,0,0,0,0,0,3,5),(568,8,'2016-11-14',1,0,0,1,0,1,1,1,1,0,0,0,1,0,0,0,0,0,0,0,0,0,0,0,3,7);

/*Table structure for table `jsads_ios` */

DROP TABLE IF EXISTS `jsads_ios`;

CREATE TABLE `jsads_ios` (
  `ads_id` int(11) NOT NULL AUTO_INCREMENT,
  `ads_status` int(11) DEFAULT '0' COMMENT '0关闭 1开启',
  `ads_priority` int(11) DEFAULT '1' COMMENT '1-10 数值越大 优先级越高',
  `ads_picUrl` varchar(200) NOT NULL,
  `ads_url` varchar(200) NOT NULL,
  `ads_description` varchar(1000) NOT NULL,
  `ads_headline` varchar(100) NOT NULL,
  `ads_count` int(11) DEFAULT NULL,
  PRIMARY KEY (`ads_id`)
) ENGINE=MyISAM AUTO_INCREMENT=24 DEFAULT CHARSET=utf8;

/*Data for the table `jsads_ios` */

insert  into `jsads_ios`(`ads_id`,`ads_status`,`ads_priority`,`ads_picUrl`,`ads_url`,`ads_description`,`ads_headline`,`ads_count`) values (1,1,1,'http://photo.ios169.com/icon/ios/ytxx.png','http://ad.laohu.com/wd_yt.php?c=997565','主播激情互动,福利天天有','胸怀江湖',32639),(2,1,1,'http://photo.ios169.com/icon/ios/ytsl.png','http://ad.laohu.com/wd_yt.php?c=997565','主播带玩,擂台PK激情似火','蜜战100天',32639),(3,1,1,'http://photo.ios169.com/icon/ios/ytxh.png','http://ad.laohu.com/wd_yt.php?c=997565','等待你去寻找,携手创造佳话','特邀百名女主播',32639),(4,1,1,'http://photo.ios169.com/icon/ios/ytdr.png','http://ad.laohu.com/wd_yt.php?c=997565','女主播沉迷其中,简直把持不住','这游戏比秀场还爆',32638),(5,1,1,'http://photo.ios169.com/icon/ios/ytxh.png','http://ad.laohu.com/wd_yt.php?c=997565','美女带玩,练级不累~','女主播沉迷其中',32638),(6,1,1,'http://photo.ios169.com/icon/ios/ytdr.png','http://ad.laohu.com/wd_yt.php?c=997565','一大波妹子沉迷其中等你找','这游戏有毒',32638),(7,1,1,'http://photo.ios169.com/icon/ios/yttl.png','http://ad.laohu.com/wd_yt.php?c=997565','妹子火辣又能干,爽！','百名女主播带玩',32638),(8,1,1,'http://photo.ios169.com/icon/ios/ytzyq.png','http://ad.laohu.com/wd_yt.php?c=997565','跟女神组队让人无法自拔','天天有福利',32638),(9,1,1,'http://photo.ios169.com/icon/ios/ytsl.png','http://ad.laohu.com/wd_yt.php?c=997565','100女主播带玩,人美声甜~','这游戏没谁了',32638),(10,1,1,'http://photo.ios169.com/icon/ios/ytxh.png','http://ad.laohu.com/wd_yt.php?c=997565','一大波主播沉迷游戏无法自拔','妹子花式晒轻功',32638),(11,0,1,'http://photo.ios169.com/icon/ios/xedk.png','https://loan-m.jimu.com/loanv2/apply/index?from=jmhz171','5秒审批，可以借5千-5万！','急用钱?我们来帮您！',29522);

/*Table structure for table `jsads_ios_wx` */

DROP TABLE IF EXISTS `jsads_ios_wx`;

CREATE TABLE `jsads_ios_wx` (
  `ads_id` int(11) NOT NULL DEFAULT '0',
  `ads_status` int(11) DEFAULT '0' COMMENT '0关闭 1开启',
  `ads_priority` int(11) DEFAULT '1' COMMENT '1-10 数值越大 优先级越高',
  `ads_picUrl` varchar(200) NOT NULL,
  `ads_url` varchar(200) NOT NULL,
  `ads_description` varchar(1000) NOT NULL,
  `ads_headline` varchar(100) NOT NULL,
  `ads_count` int(11) DEFAULT '0'
) ENGINE=MyISAM DEFAULT CHARSET=utf8;

/*Data for the table `jsads_ios_wx` */

insert  into `jsads_ios_wx`(`ads_id`,`ads_status`,`ads_priority`,`ads_picUrl`,`ads_url`,`ads_description`,`ads_headline`,`ads_count`) values (1,1,1,'http://photo.ios169.com/icon/ioswx/ytxh.png','http://ad.laohu.com/wd_yt.php?c=997553','主播激情互动,福利天天有','胸怀江湖',6771),(2,1,1,'http://photo.ios169.com/icon/ioswx/ytsl.png','http://ad.laohu.com/wd_yt.php?c=997553','主播带玩,擂台PK激情似火','蜜战100天',6771),(3,1,1,'http://photo.ios169.com/icon/ioswx/ytxh.png','http://ad.laohu.com/wd_yt.php?c=997553','等待你去寻找,携手创造佳话 ','特邀百名女主播 ',6771),(4,1,1,'http://photo.ios169.com/icon/ioswx/ytdr.png','http://ad.laohu.com/wd_yt.php?c=997553','女主播沉迷其中,简直把持不住 ','这游戏比秀场劲爆',6770),(5,1,1,'http://photo.ios169.com/icon/ioswx/ytxh.png','http://ad.laohu.com/wd_yt.php?c=997553','美女带玩,练级不累~','女主播沉迷其中',6770),(6,1,1,'http://photo.ios169.com/icon/ioswx/yttl.png','http://ad.laohu.com/wd_yt.php?c=997553','一大波妹子沉迷其中等你找','这游戏有毒',6770),(7,1,1,'http://photo.ios169.com/icon/ioswx/ytdr.png','http://ad.laohu.com/wd_yt.php?c=997553','妹子火辣又能干,爽！','百名女主播带玩',6770),(9,1,1,'http://photo.ios169.com/icon/ioswx/ytxh.png','http://ad.laohu.com/wd_yt.php?c=997553','100女主播带玩,人美声甜~','这游戏没谁了',6770),(10,1,1,'http://photo.ios169.com/icon/ioswx/ytxh.png','http://ad.laohu.com/wd_yt.php?c=997553','一大波主播沉迷游戏无法自拔','妹子花式晒轻功',6770),(11,0,1,'http://photo.ios169.com/icon/ioswx/xedk.png','https://loan-m.jimu.com/loanv2/apply/index?from=jmhz171','5秒审批，可以借5千-5万！','急用钱?我们来帮您！',5873),(8,1,1,'http://photo.ios169.com/icon/ioswx/ytzyq.png','http://ad.laohu.com/wd_yt.php?c=997553','跟女神组队让人无法自拔','天天有福利',6770);

/*Table structure for table `jsads_pv` */

DROP TABLE IF EXISTS `jsads_pv`;

CREATE TABLE `jsads_pv` (
  `pv_id` int(11) NOT NULL AUTO_INCREMENT,
  `pv_date` date NOT NULL,
  `pv_hour1` int(11) NOT NULL DEFAULT '0',
  `pv_hour2` int(11) NOT NULL DEFAULT '0',
  `pv_hour3` int(11) NOT NULL DEFAULT '0',
  `pv_hour4` int(11) NOT NULL DEFAULT '0',
  `pv_hour5` int(11) NOT NULL DEFAULT '0',
  `pv_hour6` int(11) NOT NULL DEFAULT '0',
  `pv_hour7` int(11) NOT NULL DEFAULT '0',
  `pv_hour8` int(11) NOT NULL DEFAULT '0',
  `pv_hour9` int(11) NOT NULL DEFAULT '0',
  `pv_hour10` int(11) NOT NULL DEFAULT '0',
  `pv_hour11` int(11) NOT NULL DEFAULT '0',
  `pv_hour12` int(11) NOT NULL DEFAULT '0',
  `pv_hour13` int(11) NOT NULL DEFAULT '0',
  `pv_hour14` int(11) NOT NULL DEFAULT '0',
  `pv_hour15` int(11) NOT NULL DEFAULT '0',
  `pv_hour16` int(11) NOT NULL DEFAULT '0',
  `pv_hour17` int(11) NOT NULL DEFAULT '0',
  `pv_hour18` int(11) NOT NULL DEFAULT '0',
  `pv_hour19` int(11) NOT NULL DEFAULT '0',
  `pv_hour20` int(11) NOT NULL DEFAULT '0',
  `pv_hour21` int(11) NOT NULL DEFAULT '0',
  `pv_hour22` int(11) NOT NULL DEFAULT '0',
  `pv_hour23` int(11) NOT NULL DEFAULT '0',
  `pv_hour24` int(11) NOT NULL DEFAULT '0',
  `pv_count` int(11) NOT NULL DEFAULT '0',
  `ads_id` int(11) NOT NULL,
  `ads_type` int(11) NOT NULL,
  PRIMARY KEY (`pv_id`)
) ENGINE=MyISAM AUTO_INCREMENT=569 DEFAULT CHARSET=utf8;

/*Data for the table `jsads_pv` */

insert  into `jsads_pv`(`pv_id`,`pv_date`,`pv_hour1`,`pv_hour2`,`pv_hour3`,`pv_hour4`,`pv_hour5`,`pv_hour6`,`pv_hour7`,`pv_hour8`,`pv_hour9`,`pv_hour10`,`pv_hour11`,`pv_hour12`,`pv_hour13`,`pv_hour14`,`pv_hour15`,`pv_hour16`,`pv_hour17`,`pv_hour18`,`pv_hour19`,`pv_hour20`,`pv_hour21`,`pv_hour22`,`pv_hour23`,`pv_hour24`,`pv_count`,`ads_id`,`ads_type`) values (1,'2016-11-01',0,0,0,0,0,0,0,0,0,0,0,2,69,22,26,25,20,21,28,34,40,45,49,102,483,1,0),(2,'2016-11-01',0,0,0,0,0,0,0,0,0,0,1,2,69,22,26,25,20,21,28,34,40,45,49,102,484,2,0),(3,'2016-11-01',0,0,0,0,0,0,0,0,0,0,0,3,69,22,26,25,20,21,28,34,40,45,49,102,484,3,0),(4,'2016-11-01',0,0,0,0,0,0,0,0,0,0,0,3,68,23,26,25,20,21,28,34,40,45,49,102,484,4,0),(5,'2016-11-01',0,0,0,0,0,0,0,0,0,0,0,3,68,23,26,25,20,21,28,34,40,45,49,102,484,5,0),(6,'2016-11-01',0,0,0,0,0,0,0,0,0,0,0,2,69,23,26,24,21,21,28,34,40,45,49,102,484,6,0),(7,'2016-11-01',0,0,0,0,0,0,0,0,0,0,0,2,69,22,27,24,21,21,28,34,40,45,48,102,483,7,0),(8,'2016-11-01',0,0,0,0,0,0,0,0,0,0,0,2,69,22,26,25,20,21,28,35,40,44,49,102,483,8,0),(9,'2016-11-01',0,0,0,0,0,0,0,0,0,0,0,2,69,22,26,25,20,21,28,35,40,44,49,102,483,9,0),(10,'2016-11-01',0,0,0,0,0,0,0,0,0,0,0,2,69,22,26,25,20,21,28,35,40,44,49,102,483,10,0),(11,'2016-11-01',0,0,0,0,0,0,0,0,0,1,0,5,166,58,61,54,53,60,84,99,102,117,104,173,1137,1,1),(12,'2016-11-01',0,0,0,0,0,0,0,0,0,0,0,6,166,58,61,54,53,60,84,99,102,117,104,172,1136,2,1),(13,'2016-11-01',0,0,0,0,0,0,0,0,0,0,0,6,166,58,61,54,53,60,84,99,102,117,104,172,1136,3,1),(14,'2016-11-01',0,0,0,0,0,0,0,0,0,0,0,6,166,57,62,54,53,60,84,99,102,117,104,172,1136,4,1),(15,'2016-11-01',0,0,0,0,0,0,0,0,0,0,0,6,166,57,62,54,53,59,85,99,102,117,103,173,1136,5,1),(16,'2016-11-01',0,0,0,0,0,0,0,0,0,0,0,6,166,57,62,54,53,59,85,99,102,117,103,173,1136,6,1),(17,'2016-11-01',0,0,0,0,0,0,0,0,0,0,0,5,167,57,62,54,53,59,85,99,102,116,104,173,1136,7,1),(18,'2016-11-01',0,0,0,0,0,0,0,0,0,0,0,5,167,57,62,53,54,59,85,98,102,117,104,173,1136,8,1),(19,'2016-11-01',0,0,0,0,0,0,0,0,0,0,0,5,167,57,61,54,54,59,84,99,102,117,104,173,1136,9,1),(20,'2016-11-01',0,0,0,0,0,0,0,0,0,0,0,5,167,57,61,54,54,59,84,99,102,117,104,173,1136,10,1),(21,'2016-11-01',0,0,0,0,0,0,0,0,0,0,0,0,6,2,1,1,1,2,2,3,4,3,2,2,29,1,2),(22,'2016-11-01',0,0,0,0,0,0,0,0,0,0,0,0,6,1,2,1,1,2,2,3,4,3,1,2,28,2,2),(23,'2016-11-01',0,0,0,0,0,0,0,0,0,0,0,0,6,1,2,1,1,1,3,3,4,3,1,2,28,3,2),(24,'2016-11-01',0,0,0,0,0,0,0,0,0,0,0,0,6,1,2,1,1,1,3,3,4,3,1,2,28,4,2),(25,'2016-11-01',0,0,0,0,0,0,0,0,0,0,0,0,6,1,2,1,1,1,3,3,4,3,1,2,28,5,2),(26,'2016-11-01',0,0,0,0,0,0,0,0,0,0,0,0,6,1,2,1,1,1,2,3,5,2,2,2,28,6,2),(27,'2016-11-01',0,0,0,0,0,0,0,0,0,0,0,0,5,2,2,1,1,1,2,3,4,3,2,2,28,7,2),(28,'2016-11-01',0,0,0,0,0,0,0,0,0,0,0,0,5,2,2,1,1,1,2,3,4,3,2,2,28,8,2),(29,'2016-11-01',0,0,0,0,0,0,0,0,0,0,0,0,5,2,1,2,1,1,2,3,4,3,2,2,28,9,2),(30,'2016-11-01',0,0,0,0,0,0,0,0,0,0,0,0,5,2,1,2,1,1,2,3,4,3,2,2,28,10,2),(31,'2016-11-01',0,0,0,0,0,0,0,0,0,0,0,1,8,4,5,3,3,3,4,5,5,9,5,6,61,1,3),(32,'2016-11-01',0,0,0,0,0,0,0,0,0,0,0,1,8,4,4,4,3,3,4,5,5,9,5,6,61,2,3),(33,'2016-11-01',0,0,0,0,0,0,0,0,0,0,0,1,8,4,4,4,3,2,5,5,5,9,5,6,61,3,3),(34,'2016-11-01',0,0,0,0,0,0,0,0,0,0,0,0,9,4,4,4,2,3,4,6,5,9,5,6,61,4,3),(35,'2016-11-01',0,0,0,0,0,0,0,0,0,0,0,0,9,4,4,4,2,3,4,6,5,9,5,6,61,5,3),(36,'2016-11-01',0,0,0,0,0,0,0,0,0,0,0,0,9,4,4,3,3,3,4,6,5,9,5,6,61,6,3),(37,'2016-11-01',0,0,0,0,0,0,0,0,0,0,0,0,9,4,4,3,3,3,4,6,5,8,6,6,61,7,3),(38,'2016-11-01',0,0,0,0,0,0,0,0,0,0,0,0,9,4,4,3,3,3,4,6,5,8,6,6,61,9,3),(39,'2016-11-01',0,0,0,0,0,0,0,0,0,0,0,0,9,3,5,3,3,3,4,5,5,9,6,5,60,10,3),(40,'2016-11-01',0,0,0,0,0,0,0,0,0,0,0,0,8,4,5,3,3,3,4,5,5,9,5,6,60,8,3),(41,'2016-11-02',65,31,24,18,15,23,43,16,21,24,22,22,26,25,24,26,26,26,25,34,35,44,41,94,750,1,0),(42,'2016-11-02',64,32,24,18,15,22,44,16,20,25,22,22,26,25,24,26,26,25,26,34,35,44,41,94,750,2,0),(43,'2016-11-02',64,32,24,18,15,22,44,16,20,25,22,22,26,24,25,26,26,25,26,34,35,44,41,93,749,3,0),(44,'2016-11-02',64,32,24,18,15,22,44,16,20,25,22,22,26,24,25,26,26,25,26,33,36,44,41,93,749,4,0),(45,'2016-11-02',64,32,24,18,15,22,44,16,20,25,22,22,26,24,25,26,25,26,26,33,36,44,41,93,749,5,0),(46,'2016-11-02',64,31,24,19,15,22,44,16,20,25,22,22,26,24,24,27,25,26,26,33,36,44,41,93,749,6,0),(47,'2016-11-02',65,31,24,19,15,22,43,17,20,25,21,23,26,24,23,26,26,26,26,33,35,45,41,93,749,7,0),(48,'2016-11-02',65,31,24,19,14,23,43,17,20,25,21,23,25,25,24,26,26,26,25,34,35,45,41,93,750,8,0),(49,'2016-11-02',65,31,24,19,14,23,43,17,20,25,21,23,25,25,24,26,26,26,25,34,35,45,40,94,750,9,0),(50,'2016-11-02',65,31,24,19,14,23,43,16,21,25,21,22,26,25,24,26,26,26,25,34,35,45,40,94,750,10,0),(51,'2016-11-02',102,59,41,36,38,77,129,44,49,47,53,56,68,54,62,64,56,70,91,98,99,114,95,196,1798,1,1),(52,'2016-11-02',103,59,40,36,39,77,128,45,49,47,53,56,68,54,62,64,56,70,91,98,99,114,95,196,1799,2,1),(53,'2016-11-02',103,59,40,36,39,77,128,45,49,47,53,56,68,54,62,64,56,70,91,98,99,114,95,196,1799,3,1),(54,'2016-11-02',103,58,41,36,39,77,128,45,49,47,53,56,68,54,62,63,57,70,90,98,100,114,95,196,1799,4,1),(55,'2016-11-02',102,59,41,36,39,77,128,45,49,47,53,55,69,54,62,63,57,70,90,98,100,114,95,196,1799,5,1),(56,'2016-11-02',102,59,41,36,39,76,129,44,50,47,52,56,69,54,61,64,57,69,91,98,100,114,95,196,1799,6,1),(57,'2016-11-02',102,59,41,36,39,76,129,44,50,47,52,56,68,54,62,64,56,70,91,98,100,114,95,196,1799,7,1),(58,'2016-11-02',102,59,41,36,39,76,129,44,50,47,52,56,68,54,62,64,56,70,91,98,100,114,95,195,1798,8,1),(59,'2016-11-02',102,59,41,36,39,76,129,44,50,46,53,56,68,54,62,64,56,70,91,98,100,114,94,196,1798,9,1),(60,'2016-11-02',102,59,41,36,38,77,129,44,49,47,53,56,68,54,62,64,56,70,91,98,100,114,94,196,1798,10,1),(61,'2016-11-02',1,0,0,1,0,2,2,1,2,1,1,1,1,1,1,1,1,1,1,2,3,3,1,3,31,1,2),(62,'2016-11-02',1,1,0,1,0,1,3,1,2,1,1,1,1,1,1,1,1,1,1,2,3,3,1,3,32,2,2),(63,'2016-11-02',1,1,0,1,0,1,3,1,2,1,1,1,1,1,1,1,1,1,1,2,3,3,1,3,32,3,2),(64,'2016-11-02',1,1,0,0,1,1,3,1,2,1,1,1,1,1,1,1,0,2,1,2,3,2,2,3,32,4,2),(65,'2016-11-02',1,0,1,0,1,1,3,1,1,2,1,1,0,1,2,1,0,1,2,2,3,2,2,3,32,5,2),(66,'2016-11-02',1,0,1,0,1,1,2,2,1,2,1,0,1,1,2,1,0,1,2,2,3,2,2,3,32,6,2),(67,'2016-11-02',1,0,1,0,1,1,2,2,1,2,1,0,1,1,2,0,1,1,2,2,3,2,2,2,31,7,2),(68,'2016-11-02',1,0,1,0,0,2,2,2,1,1,2,0,1,1,2,0,1,1,2,2,3,2,1,3,31,8,2),(69,'2016-11-02',1,0,1,0,0,2,2,2,1,1,2,0,1,1,1,1,1,1,1,2,4,2,1,3,31,9,2),(70,'2016-11-02',1,0,1,0,0,2,2,2,1,1,2,0,1,1,1,1,1,1,1,2,4,2,1,3,31,10,2),(71,'2016-11-02',4,1,1,1,0,4,7,3,4,2,3,3,3,5,3,3,3,3,4,5,4,6,7,9,88,1,3),(72,'2016-11-02',4,1,1,1,0,3,8,3,3,3,3,3,3,5,2,4,3,3,4,4,5,6,7,9,88,2,3),(73,'2016-11-02',4,1,1,0,1,3,8,3,3,3,3,3,3,4,3,4,3,3,4,4,5,6,7,9,88,3,3),(74,'2016-11-02',3,2,1,0,1,3,8,3,3,3,3,3,3,4,3,4,3,2,5,4,5,6,7,9,88,4,3),(75,'2016-11-02',3,2,1,0,1,3,8,3,3,3,3,3,3,4,3,4,2,3,5,4,5,6,7,9,88,5,3),(76,'2016-11-02',3,2,1,0,1,3,8,3,3,3,3,2,4,4,3,4,2,3,5,4,5,6,7,9,88,6,3),(77,'2016-11-02',3,2,1,0,1,3,8,3,3,3,2,3,4,4,3,4,2,3,4,5,4,7,7,9,88,7,3),(78,'2016-11-02',3,2,0,1,1,3,8,3,3,3,2,3,4,4,3,3,3,3,4,5,4,7,7,9,88,9,3),(79,'2016-11-02',4,1,1,1,1,3,8,2,4,2,3,3,4,4,3,3,3,3,4,5,4,7,6,9,88,10,3),(80,'2016-11-02',4,1,1,1,0,4,8,2,4,2,3,3,4,4,3,3,3,3,4,5,4,6,7,9,88,8,3),(81,'2016-11-03',63,30,16,14,14,23,47,15,18,24,23,19,23,24,24,24,25,23,3,0,0,0,0,1,453,1,0),(82,'2016-11-03',63,30,16,14,14,23,47,15,18,24,23,19,23,24,24,24,25,23,3,0,0,0,0,1,453,2,0),(83,'2016-11-03',64,30,16,14,14,23,46,16,18,24,22,19,24,24,24,24,25,23,3,0,0,0,0,0,453,3,0),(84,'2016-11-03',64,30,16,13,15,23,46,15,19,24,22,19,24,24,24,24,24,24,3,0,0,0,0,0,453,4,0),(85,'2016-11-03',64,29,17,13,15,23,46,15,19,24,22,19,24,24,23,25,24,24,3,0,0,0,0,0,453,5,0),(86,'2016-11-03',64,29,16,14,15,23,46,15,19,24,22,19,24,24,23,24,25,24,3,0,0,0,0,0,453,6,0),(87,'2016-11-03',64,28,16,14,14,24,46,15,19,24,22,19,24,24,23,24,25,23,4,0,0,0,0,0,452,7,0),(88,'2016-11-03',63,29,16,14,14,24,46,15,19,23,23,19,24,24,23,24,25,23,3,0,1,0,0,0,452,8,0),(89,'2016-11-03',63,29,16,14,14,24,46,15,19,23,23,19,24,23,24,24,25,23,3,0,1,0,0,0,452,9,0),(90,'2016-11-03',63,29,16,14,14,23,47,15,19,23,23,19,23,24,24,24,25,23,3,0,0,0,0,1,452,10,0),(91,'2016-11-03',112,62,40,33,46,94,141,45,50,50,61,61,67,64,61,67,63,60,10,0,1,0,0,0,1188,1,1),(92,'2016-11-03',112,62,40,33,46,94,141,45,50,49,62,61,67,64,61,67,63,60,10,0,0,1,0,0,1188,2,1),(93,'2016-11-03',111,63,40,33,46,94,141,44,50,50,62,61,67,64,61,67,63,60,10,0,0,1,0,0,1188,3,1),(94,'2016-11-03',111,63,40,33,46,94,141,44,50,50,62,61,67,64,61,67,62,61,10,0,0,0,0,1,1188,4,1),(95,'2016-11-03',111,63,39,34,46,94,141,44,50,50,62,60,68,63,62,67,62,61,10,0,0,0,0,0,1187,5,1),(96,'2016-11-03',111,63,39,34,46,94,141,44,50,50,62,60,68,63,62,67,62,61,10,0,0,0,0,0,1187,6,1),(97,'2016-11-03',111,63,39,33,47,94,141,44,50,50,62,60,68,63,62,66,63,61,10,0,0,0,0,0,1187,7,1),(98,'2016-11-03',112,63,39,33,47,94,141,44,50,50,62,60,67,64,62,66,63,61,10,0,0,0,0,0,1188,8,1),(99,'2016-11-03',112,63,39,33,47,93,142,44,50,50,61,61,67,64,62,66,63,61,9,1,0,0,0,0,1188,9,1),(100,'2016-11-03',112,63,39,33,46,94,142,44,50,50,61,61,67,64,62,66,63,61,9,0,1,0,0,0,1188,10,1),(101,'2016-11-03',3,0,1,0,1,1,2,1,0,1,1,1,2,1,1,1,1,1,0,0,0,0,0,0,19,1,2),(102,'2016-11-03',3,0,1,0,0,2,2,1,0,1,1,1,1,1,2,1,1,1,0,0,0,0,0,0,19,2,2),(103,'2016-11-03',3,0,1,0,0,2,2,1,0,1,1,1,1,1,1,1,2,1,0,0,0,0,0,0,19,3,2),(104,'2016-11-03',3,0,0,1,0,2,1,2,0,1,1,0,2,1,1,1,2,1,0,0,0,0,0,0,19,4,2),(105,'2016-11-03',2,1,0,1,0,1,2,1,1,1,1,0,2,1,1,1,2,1,0,0,0,0,0,0,19,5,2),(106,'2016-11-03',2,1,0,1,0,1,2,1,1,1,1,0,2,1,1,1,2,1,0,0,0,0,0,0,19,6,2),(107,'2016-11-03',3,1,0,0,1,1,2,1,1,1,0,1,2,1,1,1,2,1,0,0,0,0,0,0,20,7,2),(108,'2016-11-03',3,1,0,0,1,1,2,1,1,1,0,1,2,1,1,1,2,1,0,0,0,0,0,0,20,8,2),(109,'2016-11-03',3,1,0,0,1,1,2,1,1,0,1,1,2,1,1,1,2,1,0,0,0,0,0,0,20,9,2),(110,'2016-11-03',3,0,1,0,1,1,2,1,0,1,1,1,2,1,1,1,1,1,1,0,0,0,0,0,20,10,2),(111,'2016-11-03',7,2,1,0,1,3,8,3,3,4,2,3,4,3,3,4,4,4,0,0,0,0,0,0,59,1,3),(112,'2016-11-03',7,2,1,0,1,3,8,2,4,4,2,3,4,3,3,4,4,4,0,0,0,0,0,0,59,2,3),(113,'2016-11-03',7,2,1,0,1,3,7,3,4,4,2,3,4,3,3,4,3,5,0,0,0,0,0,0,59,3,3),(114,'2016-11-03',7,2,0,1,1,3,7,3,4,4,2,3,4,3,2,4,4,5,0,0,0,0,0,0,59,4,3),(115,'2016-11-03',7,2,0,1,1,3,7,3,4,4,2,3,4,3,2,4,4,5,0,0,0,0,0,0,59,5,3),(116,'2016-11-03',7,1,1,1,1,3,7,3,4,3,3,3,4,3,2,4,4,5,0,0,0,0,0,0,59,6,3),(117,'2016-11-03',7,1,1,1,1,3,7,3,4,3,3,3,4,3,2,4,4,5,0,0,0,0,0,0,59,7,3),(118,'2016-11-03',7,1,1,1,0,3,8,3,3,4,3,3,4,2,3,4,4,4,1,0,0,0,0,0,59,9,3),(119,'2016-11-03',8,1,1,1,0,3,8,3,3,4,3,3,4,2,3,4,4,4,1,0,0,0,0,0,60,10,3),(120,'2016-11-03',8,1,1,0,1,3,8,3,3,4,3,2,4,3,3,4,4,4,0,0,0,0,0,1,60,8,3),(121,'2016-11-04',0,0,0,0,0,0,0,0,0,0,0,0,0,0,0,0,0,0,0,0,0,0,0,0,0,1,0),(122,'2016-11-04',0,0,0,0,0,0,0,0,0,0,0,0,0,0,0,0,0,0,0,0,0,0,0,0,0,2,0),(123,'2016-11-04',0,0,0,0,0,0,1,0,0,0,0,0,0,0,0,0,0,0,0,0,0,0,0,0,1,3,0),(124,'2016-11-04',0,0,0,0,0,0,1,0,0,0,0,0,0,0,0,0,0,0,0,0,0,0,0,0,1,4,0),(125,'2016-11-04',0,0,0,0,0,0,0,0,0,0,0,0,0,0,0,0,0,0,0,0,0,0,0,0,0,5,0),(126,'2016-11-04',0,0,0,0,0,0,0,0,0,0,0,0,0,0,0,0,0,0,0,0,0,0,0,0,0,6,0),(127,'2016-11-04',0,0,0,0,0,0,0,0,0,0,0,0,0,0,0,0,0,0,0,0,0,0,0,0,0,7,0),(128,'2016-11-04',0,0,0,0,0,0,0,0,0,0,0,0,0,0,0,0,0,0,0,0,0,0,0,0,0,8,0),(129,'2016-11-04',0,0,0,0,0,0,0,0,0,0,0,0,0,0,0,0,0,0,0,0,0,0,0,0,0,9,0),(130,'2016-11-04',0,0,0,0,0,0,0,0,0,0,0,0,0,0,0,0,0,0,0,0,0,0,0,0,0,10,0),(131,'2016-11-04',0,0,0,0,0,0,0,0,0,0,0,0,0,0,0,0,0,0,0,0,0,0,0,0,0,1,1),(132,'2016-11-04',0,0,0,0,0,0,0,0,0,0,0,0,0,0,0,0,0,0,0,0,0,0,0,0,0,2,1),(133,'2016-11-04',0,0,0,0,0,0,0,0,0,0,0,0,0,0,0,0,0,0,0,0,0,0,0,0,0,3,1),(134,'2016-11-04',0,0,0,0,0,0,0,0,0,0,0,0,0,0,0,0,0,0,0,0,0,0,0,0,0,4,1),(135,'2016-11-04',0,0,0,0,0,0,0,1,0,0,0,0,0,0,0,0,0,0,0,0,0,0,0,0,1,5,1),(136,'2016-11-04',0,0,0,0,0,0,0,0,0,0,0,0,0,0,0,0,0,0,0,0,0,0,0,0,0,6,1),(137,'2016-11-04',0,0,0,0,0,0,0,0,0,0,0,0,0,0,0,0,0,0,0,0,0,0,0,0,0,7,1),(138,'2016-11-04',0,0,0,0,0,0,0,0,0,0,0,0,0,0,0,0,0,0,0,0,0,0,0,0,0,8,1),(139,'2016-11-04',0,0,0,0,0,0,0,0,0,0,0,0,0,0,0,0,0,0,0,0,0,0,0,0,0,9,1),(140,'2016-11-04',0,0,0,0,0,0,0,0,0,0,0,0,0,0,0,0,0,0,0,0,0,0,0,0,0,10,1),(141,'2016-11-04',0,0,0,0,0,0,0,0,0,0,0,0,0,0,0,0,0,0,0,0,0,0,0,0,0,1,2),(142,'2016-11-04',0,0,0,0,0,0,0,0,0,0,0,0,0,0,0,0,0,0,0,0,0,0,0,0,0,2,2),(143,'2016-11-04',0,0,0,0,0,0,0,0,0,0,0,0,0,0,0,0,0,0,0,0,0,0,0,0,0,3,2),(144,'2016-11-04',0,0,0,0,0,0,0,0,0,0,0,0,0,0,0,0,0,0,0,0,0,0,0,0,0,4,2),(145,'2016-11-04',0,0,0,0,0,0,0,0,0,0,0,0,0,0,0,0,0,0,0,0,0,0,0,0,0,5,2),(146,'2016-11-04',0,0,0,0,0,0,0,0,0,0,0,0,0,0,0,0,0,0,0,0,0,0,0,0,0,6,2),(147,'2016-11-04',0,0,0,0,0,0,0,0,0,0,0,0,0,0,0,0,0,0,0,0,0,0,0,0,0,7,2),(148,'2016-11-04',0,0,0,0,0,0,0,0,0,0,0,0,0,0,0,0,0,0,0,0,0,0,0,0,0,8,2),(149,'2016-11-04',0,0,0,0,0,0,0,0,0,0,0,0,0,0,0,0,0,0,0,0,0,0,0,0,0,9,2),(150,'2016-11-04',0,0,0,0,0,0,0,0,0,0,0,0,0,0,0,0,0,0,0,0,0,0,0,0,0,10,2),(151,'2016-11-04',0,0,0,0,0,0,0,0,0,0,0,0,0,0,0,0,0,0,0,0,0,0,0,0,0,1,3),(152,'2016-11-04',0,0,0,0,0,0,0,0,0,0,0,0,0,0,0,0,0,0,0,0,0,0,0,0,0,2,3),(153,'2016-11-04',0,0,0,0,0,0,0,0,0,0,0,0,0,0,0,0,0,0,0,0,0,0,0,0,0,3,3),(154,'2016-11-04',0,0,0,0,0,0,0,0,0,0,0,0,0,0,0,0,0,0,0,0,0,0,0,0,0,4,3),(155,'2016-11-04',0,0,0,0,0,0,0,0,0,0,0,0,0,0,0,0,0,0,0,0,0,0,0,0,0,5,3),(156,'2016-11-04',0,0,0,0,0,0,0,0,0,0,0,0,0,0,0,0,0,0,0,0,0,0,0,0,0,6,3),(157,'2016-11-04',0,0,0,0,0,0,0,0,0,0,0,0,0,0,0,0,0,0,0,0,0,0,0,0,0,7,3),(158,'2016-11-04',0,0,0,0,0,0,0,0,0,0,0,0,0,0,0,0,0,0,0,0,0,0,0,0,0,9,3),(159,'2016-11-04',0,0,0,0,0,0,0,0,0,0,0,0,0,0,0,0,0,0,0,0,0,0,0,0,0,10,3),(160,'2016-11-04',0,0,0,0,0,0,0,0,0,0,0,0,0,0,0,0,0,0,0,0,0,0,0,0,0,8,3),(161,'2016-11-05',0,0,0,0,0,0,0,0,0,0,0,0,0,0,0,0,0,0,0,0,0,0,0,0,0,1,0),(162,'2016-11-05',0,0,0,0,0,0,0,0,0,0,0,0,0,0,0,0,0,0,0,0,0,0,0,0,0,2,0),(163,'2016-11-05',0,0,0,0,0,0,0,0,0,0,0,0,0,0,0,0,0,0,0,0,0,0,0,0,0,3,0),(164,'2016-11-05',0,0,0,0,0,0,0,0,0,0,0,0,0,0,0,0,0,0,0,0,0,0,0,0,0,4,0),(165,'2016-11-05',0,0,0,0,0,0,0,1,0,0,0,0,0,0,0,0,0,0,0,0,0,0,0,0,1,5,0),(166,'2016-11-05',0,0,0,0,0,0,0,1,0,0,0,0,0,0,0,0,0,0,0,0,0,0,0,0,1,6,0),(167,'2016-11-05',0,0,0,0,0,0,0,0,0,0,0,0,0,0,0,0,0,0,0,0,0,0,0,0,0,7,0),(168,'2016-11-05',0,0,0,0,0,0,0,0,0,0,0,0,0,0,0,0,0,0,0,0,0,0,0,0,0,8,0),(169,'2016-11-05',0,0,0,0,0,0,0,0,0,0,0,0,0,0,0,0,0,0,0,0,0,0,0,0,0,9,0),(170,'2016-11-05',0,0,0,0,0,0,0,0,0,0,0,0,0,0,0,0,0,0,0,0,0,0,0,0,0,10,0),(171,'2016-11-05',0,0,0,0,0,0,0,0,0,0,0,0,0,0,0,0,0,0,0,0,0,0,0,0,0,1,1),(172,'2016-11-05',0,0,0,0,0,0,0,0,0,0,0,0,0,0,0,0,0,0,0,0,0,0,0,0,0,2,1),(173,'2016-11-05',0,0,0,0,0,0,0,0,0,0,0,0,0,0,0,0,0,0,0,0,0,0,0,0,0,3,1),(174,'2016-11-05',0,0,0,0,0,0,0,0,0,0,0,0,0,0,0,0,0,0,0,0,0,0,0,0,0,4,1),(175,'2016-11-05',0,0,0,0,0,0,0,0,0,0,0,0,0,0,0,0,0,0,0,0,0,0,0,0,0,5,1),(176,'2016-11-05',0,0,0,0,0,0,0,0,0,0,0,0,0,0,0,0,0,0,0,0,1,0,0,0,1,6,1),(177,'2016-11-05',0,0,0,0,0,0,0,0,0,0,0,0,0,0,0,0,0,0,0,0,0,0,0,1,1,7,1),(178,'2016-11-05',0,0,0,0,0,0,0,0,0,0,0,0,0,0,0,0,0,0,0,0,0,0,0,0,0,8,1),(179,'2016-11-05',0,0,0,0,0,0,0,0,0,0,0,0,0,0,0,0,0,0,0,0,0,0,0,0,0,9,1),(180,'2016-11-05',0,0,0,0,0,0,0,0,0,0,0,0,0,0,0,0,0,0,0,0,0,0,0,0,0,10,1),(181,'2016-11-05',0,0,0,0,0,0,0,0,0,0,0,0,0,0,0,0,0,0,0,0,0,0,0,0,0,1,2),(182,'2016-11-05',0,0,0,0,0,0,0,0,0,0,0,0,0,0,0,0,0,0,0,0,0,0,0,0,0,2,2),(183,'2016-11-05',0,0,0,0,0,0,0,0,0,0,0,0,0,0,0,0,0,0,0,0,0,0,0,0,0,3,2),(184,'2016-11-05',0,0,0,0,0,0,0,0,0,0,0,0,0,0,0,0,0,0,0,0,0,0,0,0,0,4,2),(185,'2016-11-05',0,0,0,0,0,0,0,0,0,0,0,0,0,0,0,0,0,0,0,0,0,0,0,0,0,5,2),(186,'2016-11-05',0,0,0,0,0,0,0,0,0,0,0,0,0,0,0,0,0,0,0,0,0,0,0,0,0,6,2),(187,'2016-11-05',0,0,0,0,0,0,0,0,0,0,0,0,0,0,0,0,0,0,0,0,0,0,0,0,0,7,2),(188,'2016-11-05',0,0,0,0,0,0,0,0,0,0,0,0,0,0,0,0,0,0,0,0,0,0,0,0,0,8,2),(189,'2016-11-05',0,0,0,0,0,0,0,0,0,0,0,0,0,0,0,0,0,0,0,0,0,0,0,0,0,9,2),(190,'2016-11-05',0,0,0,0,0,0,0,0,0,0,0,0,0,0,0,0,0,0,0,0,0,0,0,0,0,10,2),(191,'2016-11-05',0,0,0,0,0,0,0,0,0,0,0,0,0,0,0,0,0,0,0,0,0,0,0,0,0,1,3),(192,'2016-11-05',0,0,0,0,0,0,0,0,0,0,0,0,0,0,0,0,0,0,0,0,0,0,0,0,0,2,3),(193,'2016-11-05',0,0,0,0,0,0,0,0,0,0,0,0,0,0,0,0,0,0,0,0,0,0,0,0,0,3,3),(194,'2016-11-05',0,0,0,0,0,0,0,0,0,0,0,0,0,0,0,0,0,0,0,0,0,0,0,0,0,4,3),(195,'2016-11-05',0,0,0,0,0,0,0,0,0,0,0,0,0,0,0,0,0,0,0,0,0,0,0,0,0,5,3),(196,'2016-11-05',0,0,0,0,0,0,0,0,0,0,0,0,0,0,0,0,0,0,0,0,0,0,0,0,0,6,3),(197,'2016-11-05',0,0,0,0,0,0,0,0,0,0,0,0,0,0,0,0,0,0,0,0,0,0,0,0,0,7,3),(198,'2016-11-05',0,0,0,0,0,0,0,0,0,0,0,0,0,0,0,0,0,0,0,0,0,0,0,0,0,9,3),(199,'2016-11-05',0,0,0,0,0,0,0,0,0,0,0,0,0,0,0,0,0,0,0,0,0,0,0,0,0,10,3),(200,'2016-11-05',0,0,0,0,0,0,0,0,0,0,0,0,0,0,0,0,0,0,0,0,0,0,0,0,0,8,3),(201,'2016-11-06',0,0,0,0,0,0,0,0,0,0,0,0,0,0,0,0,0,0,0,0,0,0,2,0,2,1,0),(202,'2016-11-06',0,0,0,0,0,0,0,0,0,0,0,0,0,0,0,0,0,0,0,0,0,0,2,0,2,2,0),(203,'2016-11-06',0,0,0,0,0,0,0,0,0,0,0,0,0,0,0,0,0,0,0,0,0,0,2,0,2,3,0),(204,'2016-11-06',0,0,0,0,0,0,0,0,0,0,0,0,0,0,0,0,0,0,0,0,0,0,2,0,2,4,0),(205,'2016-11-06',0,0,0,0,0,0,0,0,0,0,0,0,0,0,0,0,0,0,0,0,0,0,2,0,2,5,0),(206,'2016-11-06',0,0,0,0,0,0,0,0,0,0,0,0,0,0,0,0,0,0,0,0,0,0,2,0,2,6,0),(207,'2016-11-06',0,0,0,0,0,0,0,0,0,0,0,0,0,0,0,0,0,0,0,0,0,0,3,0,3,7,0),(208,'2016-11-06',0,0,0,0,0,0,0,0,0,0,0,0,0,0,0,0,0,0,0,0,0,0,2,0,2,8,0),(209,'2016-11-06',0,0,0,0,0,0,0,0,0,0,0,0,0,0,0,0,0,0,0,0,0,0,2,0,2,9,0),(210,'2016-11-06',0,0,0,0,0,0,0,0,0,0,0,0,0,0,0,0,0,0,0,0,0,0,2,0,2,10,0),(211,'2016-11-06',0,0,0,0,0,0,0,0,0,0,0,0,0,0,0,0,0,0,0,0,0,0,2,0,2,1,1),(212,'2016-11-06',0,0,0,0,0,0,0,0,0,0,0,0,0,0,0,0,0,0,0,0,0,0,2,0,2,2,1),(213,'2016-11-06',0,0,0,0,0,0,0,0,0,0,0,0,0,0,0,0,0,0,0,0,0,0,2,0,2,3,1),(214,'2016-11-06',0,0,0,0,0,0,0,0,0,0,0,0,0,0,0,0,0,0,0,0,0,0,2,0,2,4,1),(215,'2016-11-06',0,0,0,0,0,0,0,0,0,0,0,0,0,0,0,0,0,0,0,0,0,0,2,0,2,5,1),(216,'2016-11-06',0,0,0,0,0,0,0,0,0,0,0,0,0,0,0,0,0,0,0,0,0,0,2,0,2,6,1),(217,'2016-11-06',0,0,0,0,0,0,0,0,0,0,0,0,0,0,0,0,0,0,0,0,0,0,2,0,2,7,1),(218,'2016-11-06',0,0,0,0,0,0,0,0,0,0,0,0,0,0,0,1,0,0,0,0,0,0,1,1,3,8,1),(219,'2016-11-06',0,0,0,0,0,0,0,0,0,0,0,0,0,0,0,0,1,0,0,0,0,0,1,1,3,9,1),(220,'2016-11-06',0,0,0,0,0,0,0,0,0,0,0,0,0,0,0,0,0,0,1,0,0,0,1,0,2,10,1),(221,'2016-11-06',0,0,0,0,0,0,0,0,0,0,0,0,0,0,0,0,0,0,0,0,0,0,1,0,1,1,2),(222,'2016-11-06',0,0,0,0,0,0,0,0,0,0,0,0,0,0,0,0,0,0,0,0,0,0,1,0,1,2,2),(223,'2016-11-06',0,0,0,0,0,0,0,0,0,0,0,0,0,0,0,0,0,0,0,0,0,0,1,0,1,3,2),(224,'2016-11-06',0,0,0,0,0,0,0,0,0,0,0,0,0,0,0,0,0,0,0,0,0,0,0,0,0,4,2),(225,'2016-11-06',0,0,0,0,0,0,0,0,0,0,0,0,0,0,0,0,0,0,0,0,0,0,0,0,0,5,2),(226,'2016-11-06',0,0,0,0,0,0,0,0,0,0,0,0,0,0,0,0,0,0,0,0,0,0,0,0,0,6,2),(227,'2016-11-06',0,0,0,0,0,0,0,0,0,0,0,0,0,0,0,0,0,0,0,0,0,0,0,0,0,7,2),(228,'2016-11-06',0,0,0,0,0,0,0,0,0,0,0,0,0,0,0,0,0,0,0,0,0,0,0,0,0,8,2),(229,'2016-11-06',0,0,0,0,0,0,0,0,0,0,0,0,0,0,0,0,0,0,0,0,0,0,0,0,0,9,2),(230,'2016-11-06',0,0,0,0,0,0,0,0,0,0,0,0,0,0,0,0,0,0,0,0,0,0,0,0,0,10,2),(231,'2016-11-06',0,0,0,0,0,0,0,0,0,0,0,0,0,0,0,0,0,0,0,0,0,0,1,0,1,1,3),(232,'2016-11-06',0,0,0,0,0,0,0,0,0,0,0,0,0,0,0,0,0,0,0,0,0,0,1,0,1,2,3),(233,'2016-11-06',0,0,0,0,0,0,0,0,0,0,0,0,0,0,0,0,0,0,0,0,0,0,1,0,1,3,3),(234,'2016-11-06',0,0,0,0,0,0,0,0,0,0,0,0,0,0,0,0,0,0,0,0,0,0,1,0,1,4,3),(235,'2016-11-06',0,0,0,0,0,0,0,0,0,0,0,0,0,0,0,0,0,0,0,0,0,0,1,0,1,5,3),(236,'2016-11-06',0,0,0,0,0,0,0,0,0,0,0,0,0,0,0,0,0,0,0,0,0,0,1,0,1,6,3),(237,'2016-11-06',0,0,0,0,0,0,0,0,0,0,0,0,0,0,0,0,0,0,0,0,0,0,1,0,1,7,3),(238,'2016-11-06',0,0,0,0,0,0,0,0,0,0,0,0,0,0,0,0,0,0,0,0,0,0,1,0,1,9,3),(239,'2016-11-06',0,0,0,0,0,0,0,0,0,0,0,0,0,0,0,0,0,0,0,0,0,0,0,0,0,10,3),(240,'2016-11-06',0,0,0,0,0,0,0,0,0,0,0,0,0,0,0,0,0,0,0,0,0,0,0,0,0,8,3),(241,'2016-11-07',0,0,0,0,0,0,0,0,0,0,0,0,0,0,0,0,0,0,0,0,0,0,0,0,0,1,0),(242,'2016-11-07',0,0,0,0,0,0,0,0,0,0,0,0,0,0,0,0,0,0,0,0,0,0,0,0,0,2,0),(243,'2016-11-07',0,0,0,0,0,0,0,0,0,0,0,0,0,0,0,0,0,0,0,0,0,0,0,0,0,3,0),(244,'2016-11-07',0,0,0,0,0,0,0,0,0,0,0,0,0,0,0,0,0,0,0,0,0,0,0,0,0,4,0),(245,'2016-11-07',0,0,0,0,0,0,0,0,0,0,0,0,0,0,0,0,0,0,0,0,0,0,0,0,0,5,0),(246,'2016-11-07',0,0,0,0,0,0,0,0,0,0,0,0,0,0,0,0,0,0,0,0,0,0,0,0,0,6,0),(247,'2016-11-07',0,0,0,0,0,0,0,0,0,0,0,0,0,0,0,0,0,0,0,0,0,0,0,0,0,7,0),(248,'2016-11-07',0,0,0,0,0,0,0,0,0,0,0,0,0,0,0,0,0,0,0,0,0,0,0,0,0,8,0),(249,'2016-11-07',0,0,0,0,0,0,0,0,0,0,0,0,0,0,0,0,0,0,0,0,0,0,0,0,0,9,0),(250,'2016-11-07',0,0,0,0,0,0,0,0,0,0,0,0,0,0,0,0,0,0,0,0,0,0,0,0,0,10,0),(251,'2016-11-07',0,0,0,0,0,0,0,0,0,0,0,0,0,0,0,0,0,0,0,0,0,0,0,0,0,1,1),(252,'2016-11-07',0,0,0,0,0,0,0,0,0,0,0,0,0,0,0,0,0,0,0,0,0,0,0,0,0,2,1),(253,'2016-11-07',0,0,0,0,0,0,0,0,0,0,0,0,0,0,0,0,0,0,0,0,0,0,0,0,0,3,1),(254,'2016-11-07',0,0,0,0,0,0,0,0,0,0,0,0,0,0,0,0,0,0,0,0,0,0,0,0,0,4,1),(255,'2016-11-07',0,0,0,0,0,0,0,0,0,0,0,0,0,0,0,0,0,0,0,0,0,0,0,0,0,5,1),(256,'2016-11-07',0,0,0,0,0,0,0,0,0,0,0,0,0,0,0,0,0,0,0,0,0,0,0,0,0,6,1),(257,'2016-11-07',0,0,0,0,0,0,0,0,0,0,0,0,0,0,0,0,0,0,0,0,0,0,0,0,0,7,1),(258,'2016-11-07',0,0,0,0,0,0,0,0,0,0,0,0,0,0,0,0,0,0,0,0,0,0,0,0,0,8,1),(259,'2016-11-07',0,0,0,0,0,0,0,0,0,0,0,0,0,0,0,0,0,0,0,0,0,0,0,0,0,9,1),(260,'2016-11-07',0,0,0,0,0,0,0,0,0,0,0,0,0,0,0,0,0,0,0,0,0,0,0,0,0,10,1),(261,'2016-11-07',0,0,0,0,0,0,0,0,0,0,0,0,0,0,0,0,0,0,0,0,0,0,0,0,0,1,2),(262,'2016-11-07',0,0,0,0,0,0,0,0,0,0,0,0,0,0,0,0,0,0,0,0,0,0,0,0,0,2,2),(263,'2016-11-07',0,0,0,0,0,0,0,0,0,0,0,0,0,0,0,0,0,0,0,0,0,0,0,0,0,3,2),(264,'2016-11-07',0,0,0,0,0,0,0,0,0,0,0,0,0,0,0,0,0,0,0,0,0,0,0,0,0,4,2),(265,'2016-11-07',0,0,0,0,0,0,0,0,0,0,0,0,0,0,0,0,0,0,0,0,0,0,0,0,0,5,2),(266,'2016-11-07',0,0,0,0,0,0,0,0,0,0,0,0,0,0,0,0,0,0,0,0,0,0,0,0,0,6,2),(267,'2016-11-07',0,0,0,0,0,0,0,0,0,0,0,0,0,0,0,0,0,0,0,0,0,0,0,0,0,7,2),(268,'2016-11-07',0,0,0,0,0,0,0,0,0,0,0,0,0,0,0,0,0,0,0,0,0,0,0,0,0,8,2),(269,'2016-11-07',0,0,0,0,0,0,0,0,0,0,0,0,0,0,0,0,0,0,0,0,0,0,0,0,0,9,2),(270,'2016-11-07',0,0,0,0,0,0,0,0,0,0,0,0,0,0,0,0,0,0,0,0,0,0,0,0,0,10,2),(271,'2016-11-07',0,0,0,0,0,0,0,0,0,0,0,0,0,0,0,0,0,0,0,0,0,0,0,0,0,1,3),(272,'2016-11-07',0,0,0,0,0,0,0,0,0,0,0,0,0,0,0,0,0,0,0,0,0,0,0,0,0,2,3),(273,'2016-11-07',0,0,0,0,0,0,0,0,0,0,0,0,0,0,0,0,0,0,0,0,0,0,0,0,0,3,3),(274,'2016-11-07',0,0,0,0,0,0,0,0,0,0,0,0,0,0,0,0,0,0,0,0,0,0,0,0,0,4,3),(275,'2016-11-07',0,0,0,0,0,0,0,0,0,0,0,0,0,0,0,0,0,0,0,0,0,0,0,0,0,5,3),(276,'2016-11-07',0,0,0,0,0,0,0,0,0,0,0,0,0,0,0,0,0,0,0,0,0,0,0,0,0,6,3),(277,'2016-11-07',0,0,0,0,0,0,0,0,0,0,0,0,0,0,0,0,0,0,0,0,0,0,0,0,0,7,3),(278,'2016-11-07',0,0,0,0,0,0,0,0,0,0,0,0,0,0,0,0,0,0,0,0,0,0,0,0,0,9,3),(279,'2016-11-07',0,0,0,0,0,0,0,0,0,0,0,0,0,0,0,0,0,0,0,0,0,0,0,0,0,10,3),(280,'2016-11-07',0,0,0,0,0,0,0,0,0,0,0,0,0,0,0,0,0,0,0,0,0,0,0,0,0,8,3),(281,'2016-11-08',2,1,0,0,0,0,0,0,0,0,0,0,1,0,0,103,104,96,128,149,190,206,188,490,1658,1,0),(282,'2016-11-08',2,1,0,0,0,0,0,0,0,0,0,0,0,0,0,103,105,96,127,149,190,205,190,490,1658,2,0),(283,'2016-11-08',2,1,0,0,0,0,0,0,0,0,0,0,0,0,0,103,105,95,128,150,190,205,190,489,1658,3,0),(284,'2016-11-08',2,1,0,0,0,0,0,0,0,0,0,0,0,0,0,103,105,95,128,150,190,205,190,490,1659,4,0),(285,'2016-11-08',2,1,0,0,0,0,0,0,0,0,0,0,0,0,0,103,105,95,128,150,190,205,190,488,1657,5,0),(286,'2016-11-08',2,1,0,0,0,0,0,0,0,0,0,0,0,0,0,103,105,95,128,150,190,205,189,489,1657,6,0),(287,'2016-11-08',2,1,0,0,0,0,0,0,0,0,0,0,0,0,0,103,105,95,128,150,190,205,190,489,1658,7,0),(288,'2016-11-08',3,1,0,0,0,0,0,0,0,0,0,0,0,0,0,103,105,95,128,150,189,206,190,489,1659,8,0),(289,'2016-11-08',2,2,0,0,0,0,0,0,0,0,0,0,0,0,0,103,104,96,128,150,189,206,189,490,1659,9,0),(290,'2016-11-08',2,2,0,0,0,0,0,0,0,0,0,0,0,0,0,103,104,96,128,149,190,206,189,489,1658,10,0),(291,'2016-11-08',1,0,0,0,0,0,0,0,0,0,0,0,0,0,0,234,240,273,397,466,513,535,449,946,4054,1,1),(292,'2016-11-08',0,1,0,0,0,0,0,0,0,0,0,0,0,0,0,234,239,274,397,466,512,536,449,946,4054,2,1),(293,'2016-11-08',0,1,0,0,0,0,0,0,0,0,0,0,0,0,0,233,240,274,397,466,512,536,449,946,4054,3,1),(294,'2016-11-08',0,1,0,0,0,0,0,0,0,0,0,0,0,0,0,233,240,274,397,466,512,536,449,946,4054,4,1),(295,'2016-11-08',0,1,0,0,0,0,0,0,0,0,0,0,0,0,0,233,240,274,397,465,513,536,449,945,4053,5,1),(296,'2016-11-08',0,1,0,0,0,0,0,0,0,0,0,0,0,0,0,233,240,274,397,465,513,536,449,945,4053,6,1),(297,'2016-11-08',0,1,0,0,0,0,0,0,0,0,0,0,0,0,0,233,240,273,398,465,513,536,449,945,4053,7,1),(298,'2016-11-08',0,0,1,0,0,0,0,0,0,0,0,0,0,0,0,233,240,273,398,465,513,536,448,946,4053,8,1),(299,'2016-11-08',0,0,0,0,0,0,0,0,0,0,0,0,0,0,0,234,240,273,398,465,513,536,448,946,4053,9,1),(300,'2016-11-08',1,0,0,0,0,0,0,0,0,0,0,0,0,0,0,234,240,273,397,466,513,535,449,946,4054,10,1),(301,'2016-11-08',0,0,0,0,0,0,0,0,0,0,0,0,0,0,0,10,9,9,13,15,14,14,11,15,110,1,2),(302,'2016-11-08',0,0,0,0,0,0,0,0,0,0,0,0,0,0,0,10,8,10,12,16,14,14,11,15,110,2,2),(303,'2016-11-08',0,0,0,0,0,0,0,0,0,0,0,0,0,0,0,10,8,10,12,16,14,14,11,15,110,3,2),(304,'2016-11-08',0,0,0,0,0,0,0,0,0,0,0,0,0,0,0,11,8,10,12,16,14,14,11,15,111,4,2),(305,'2016-11-08',0,0,0,0,0,0,0,0,0,0,0,0,0,0,0,11,8,10,12,16,14,14,11,15,111,5,2),(306,'2016-11-08',0,0,0,0,0,0,0,0,0,0,0,0,0,0,0,11,8,10,12,16,14,14,11,15,111,6,2),(307,'2016-11-08',0,0,0,0,0,0,0,0,0,0,0,0,0,0,0,11,8,10,12,15,14,15,11,14,110,7,2),(308,'2016-11-08',0,0,0,0,0,0,0,0,0,0,0,0,0,0,0,11,8,10,12,15,14,15,10,15,110,8,2),(309,'2016-11-08',0,0,0,0,0,0,0,0,0,0,0,0,0,0,0,10,9,10,12,15,14,15,10,15,110,9,2),(310,'2016-11-08',0,0,0,0,0,0,0,0,0,0,0,0,0,0,0,10,9,10,12,15,14,15,10,15,110,10,2),(311,'2016-11-08',0,0,0,0,0,0,0,0,0,0,0,0,0,0,0,29,32,30,35,40,51,51,42,71,381,1,3),(312,'2016-11-08',0,0,0,0,0,0,0,0,0,0,0,0,0,0,0,29,31,31,34,41,51,51,42,71,381,2,3),(313,'2016-11-08',0,0,0,0,0,0,0,0,0,0,0,0,0,0,0,29,31,30,35,40,52,51,42,71,381,3,3),(314,'2016-11-08',0,0,0,0,0,0,0,0,0,0,0,0,0,0,0,29,31,30,35,40,52,51,42,71,381,4,3),(315,'2016-11-08',0,0,0,0,0,0,0,0,0,0,0,0,0,0,0,29,31,30,35,40,52,50,43,70,380,5,3),(316,'2016-11-08',0,0,0,0,0,0,0,0,0,0,0,0,0,0,0,29,31,30,35,40,52,50,43,70,380,6,3),(317,'2016-11-08',0,0,0,0,0,0,0,0,0,0,0,0,0,0,0,29,31,30,35,40,52,50,42,71,380,7,3),(318,'2016-11-08',0,0,0,0,0,0,0,0,0,0,0,0,0,0,0,29,31,30,35,40,52,50,42,71,380,9,3),(319,'2016-11-08',0,0,0,0,0,0,0,0,0,0,0,0,0,0,0,30,31,30,35,40,52,50,42,71,381,10,3),(320,'2016-11-08',0,0,0,0,0,0,0,0,0,0,0,0,0,0,0,29,32,30,35,40,51,51,42,71,381,8,3),(321,'2016-11-09',272,166,95,71,66,99,193,64,79,89,105,102,116,123,115,0,0,0,0,0,0,0,0,0,1755,1,0),(322,'2016-11-09',272,166,95,71,66,99,194,64,80,89,105,102,116,123,115,0,0,0,0,0,0,0,0,0,1757,2,0),(323,'2016-11-09',272,166,95,71,66,99,196,64,80,89,105,102,116,123,115,0,0,0,0,0,0,0,0,0,1759,3,0),(324,'2016-11-09',271,167,95,71,66,98,195,64,80,89,105,103,116,123,115,0,0,0,0,0,0,0,0,0,1758,4,0),(325,'2016-11-09',272,167,95,71,66,98,196,64,80,88,105,103,116,123,115,0,0,0,0,0,0,0,0,0,1759,5,0),(326,'2016-11-09',272,167,95,71,66,98,195,64,80,88,105,103,116,123,115,0,0,0,0,0,0,0,0,0,1758,6,0),(327,'2016-11-09',272,167,95,71,66,98,195,64,80,88,105,103,116,123,115,0,0,0,0,0,0,0,0,0,1758,7,0),(328,'2016-11-09',272,167,94,72,66,98,193,64,80,89,105,103,116,123,115,0,0,0,0,0,0,0,0,0,1757,8,0),(329,'2016-11-09',272,167,94,72,66,98,193,64,80,88,105,102,116,123,115,0,0,0,0,0,0,0,0,0,1755,9,0),(330,'2016-11-09',271,166,95,71,67,98,198,64,80,88,105,102,116,123,115,0,0,0,0,0,0,0,0,0,1759,10,0),(331,'2016-11-09',557,340,239,199,242,409,585,175,209,210,222,242,305,268,283,0,0,0,0,0,0,0,0,0,4485,1,1),(332,'2016-11-09',557,340,239,199,242,409,585,175,209,210,222,242,305,268,283,0,0,0,0,0,0,0,0,0,4485,2,1),(333,'2016-11-09',557,340,238,200,242,409,585,175,209,210,222,241,306,268,283,0,0,0,0,0,0,0,0,0,4485,3,1),(334,'2016-11-09',556,341,238,200,242,409,585,175,209,210,222,241,306,268,283,0,0,0,0,0,0,0,0,0,4485,4,1),(335,'2016-11-09',557,341,238,200,241,410,585,175,209,210,222,241,306,268,283,0,0,0,0,0,0,0,0,0,4486,5,1),(336,'2016-11-09',557,340,239,200,241,410,585,175,208,211,222,241,306,268,283,0,0,0,0,0,0,0,0,0,4486,6,1),(337,'2016-11-09',557,340,239,200,241,410,585,175,208,211,222,241,306,268,283,0,0,0,0,0,0,0,0,0,4486,7,1),(338,'2016-11-09',557,340,239,199,242,410,584,176,208,211,221,242,306,268,283,0,0,0,0,0,0,0,0,0,4486,8,1),(339,'2016-11-09',557,340,239,199,242,410,584,176,208,210,222,242,306,267,283,0,0,0,0,0,0,0,0,0,4485,9,1),(340,'2016-11-09',557,340,239,199,242,410,584,176,208,210,222,242,305,268,283,0,0,0,0,0,0,0,0,0,4485,10,1),(341,'2016-11-09',6,4,3,3,5,11,20,6,10,9,9,9,7,8,8,0,0,0,0,0,0,0,0,0,118,1,2),(342,'2016-11-09',6,4,3,2,6,11,20,6,10,8,10,8,8,8,8,0,0,0,0,0,0,0,0,0,118,2,2),(343,'2016-11-09',6,4,2,3,6,11,20,6,10,8,10,8,8,8,8,0,0,0,0,0,0,0,0,0,118,3,2),(344,'2016-11-09',6,4,2,3,6,11,20,6,10,8,10,8,8,8,8,0,0,0,0,0,0,0,0,0,118,4,2),(345,'2016-11-09',6,4,2,3,6,11,20,6,10,8,10,8,8,8,8,0,0,0,0,0,0,0,0,0,118,5,2),(346,'2016-11-09',5,4,3,3,6,11,20,6,10,8,10,8,7,9,8,0,0,0,0,0,0,0,0,0,118,6,2),(347,'2016-11-09',6,4,3,3,6,11,20,6,9,9,10,8,7,9,8,0,0,0,0,0,0,0,0,0,119,7,2),(348,'2016-11-09',6,4,3,3,6,10,21,6,9,9,9,9,7,8,9,0,0,0,0,0,0,0,0,0,119,8,2),(349,'2016-11-09',6,4,3,3,6,10,21,6,9,9,9,9,7,8,8,0,0,0,0,0,0,0,0,0,118,9,2),(350,'2016-11-09',6,4,3,3,5,11,20,6,10,9,9,9,7,8,8,0,0,0,0,0,0,0,0,0,118,10,2),(351,'2016-11-09',40,23,11,9,14,25,50,21,25,33,31,26,28,30,31,0,0,0,0,0,0,0,0,0,397,1,3),(352,'2016-11-09',40,23,11,9,14,25,50,20,26,33,31,26,27,31,31,0,0,0,0,0,0,0,0,0,397,2,3),(353,'2016-11-09',40,23,10,10,14,24,51,20,26,33,31,26,27,31,30,0,0,0,0,0,0,0,0,0,396,3,3),(354,'2016-11-09',40,23,10,10,13,25,51,20,26,33,31,26,27,31,30,0,0,0,0,0,0,0,0,0,396,4,3),(355,'2016-11-09',41,23,10,10,13,25,51,20,26,33,31,26,27,31,30,0,0,0,0,0,0,0,0,0,397,5,3),(356,'2016-11-09',41,22,11,10,13,25,50,21,26,33,31,25,28,31,30,0,0,0,0,0,0,0,0,0,397,6,3),(357,'2016-11-09',41,22,11,10,13,25,50,21,26,33,31,25,28,31,30,0,0,0,0,0,0,0,0,0,397,7,3),(358,'2016-11-09',41,22,11,9,14,25,50,21,26,33,31,25,28,31,30,0,0,0,0,0,0,0,0,0,397,9,3),(359,'2016-11-09',41,22,11,9,14,25,50,21,25,33,32,25,28,30,31,0,0,0,0,0,0,0,0,0,397,10,3),(360,'2016-11-09',41,22,11,9,14,25,50,21,25,33,32,25,28,30,31,0,0,0,0,0,0,0,0,0,397,8,3),(361,'2016-11-09',0,0,0,0,0,0,0,0,0,0,0,0,0,0,0,1289,1707,1336,1329,1581,2035,2352,2073,5040,18742,11,0),(362,'2016-11-09',0,0,0,0,0,0,0,0,0,0,0,0,0,0,0,3129,3444,3771,4431,4945,6022,6589,4968,9737,47036,11,1),(363,'2016-11-09',0,0,0,0,0,0,0,0,0,0,0,0,0,0,0,92,76,90,134,151,161,145,86,144,1079,11,2),(364,'2016-11-09',0,0,0,0,0,0,0,0,0,0,0,0,0,0,0,282,267,268,324,373,535,503,368,772,3692,11,3),(365,'2016-11-10',0,0,0,0,0,0,0,0,0,71,83,86,92,94,91,111,110,104,132,146,155,168,186,422,2051,1,0),(366,'2016-11-10',0,0,0,0,0,0,0,0,0,71,83,86,92,94,91,111,110,104,132,145,155,168,186,420,2048,2,0),(367,'2016-11-10',0,0,0,0,0,0,0,0,0,71,83,86,92,94,91,111,110,104,131,147,155,168,186,421,2050,3,0),(368,'2016-11-10',0,0,0,0,0,0,0,0,0,71,83,85,93,94,91,111,110,104,131,146,155,168,186,420,2048,4,0),(369,'2016-11-10',0,0,0,0,0,0,0,0,0,71,83,85,93,94,91,110,109,105,131,146,155,168,186,421,2048,5,0),(370,'2016-11-10',0,0,0,0,0,0,0,0,0,71,83,85,92,95,91,111,109,105,131,146,155,167,187,421,2049,6,0),(371,'2016-11-10',0,0,0,0,0,0,0,0,0,71,82,85,92,93,92,111,109,105,131,146,154,168,187,421,2047,7,0),(372,'2016-11-10',0,0,0,0,0,0,0,0,0,70,84,85,92,94,92,110,110,105,131,146,154,168,187,420,2048,8,0),(373,'2016-11-10',0,0,0,0,0,0,0,0,0,71,84,85,92,94,91,110,110,105,130,146,155,168,187,421,2049,9,0),(374,'2016-11-10',0,0,0,0,0,0,0,0,0,71,84,85,92,94,91,110,110,105,130,146,154,168,186,422,2048,10,0),(375,'2016-11-10',2732,1603,1026,646,540,976,1688,665,744,148,0,0,0,0,0,0,0,0,0,0,0,0,0,0,10768,11,0),(376,'2016-11-10',0,0,0,0,0,0,0,0,0,183,224,241,296,279,259,286,293,330,436,491,518,516,474,1150,5976,1,1),(377,'2016-11-10',0,0,0,0,0,0,0,0,0,183,224,241,296,279,259,286,292,330,437,491,517,517,474,1150,5976,2,1),(378,'2016-11-10',0,0,0,0,0,0,0,0,0,183,224,241,296,279,259,286,292,330,436,492,517,517,473,1151,5976,3,1),(379,'2016-11-10',0,0,0,0,0,0,0,0,0,183,224,240,297,279,259,286,292,330,436,492,517,517,473,1151,5976,4,1),(380,'2016-11-10',0,0,0,0,0,0,0,0,0,183,223,241,297,279,259,286,292,330,436,492,517,517,473,1151,5976,5,1),(381,'2016-11-10',0,0,0,0,0,0,0,0,0,183,223,241,297,279,258,287,292,330,436,492,517,517,473,1151,5976,6,1),(382,'2016-11-10',0,0,0,0,0,0,0,0,0,182,224,241,297,279,258,286,293,330,436,492,517,517,473,1151,5976,7,1),(383,'2016-11-10',0,0,0,0,0,0,0,0,0,182,224,241,297,279,258,286,293,330,436,492,517,517,473,1151,5976,8,1),(384,'2016-11-10',0,0,0,0,0,0,0,0,0,183,224,241,297,279,258,286,293,330,436,491,518,517,473,1151,5977,9,1),(385,'2016-11-10',0,0,0,0,0,0,0,0,0,183,224,241,297,279,258,286,293,330,436,491,518,516,474,1151,5977,10,1),(386,'2016-11-10',5806,3654,2285,2170,2547,4310,6388,2045,2153,358,0,0,0,0,0,0,0,0,0,0,0,0,0,0,31716,11,1),(387,'2016-11-10',0,0,0,0,0,0,0,0,0,7,8,9,10,8,8,9,9,11,12,20,15,12,9,15,162,1,2),(388,'2016-11-10',0,0,0,0,0,0,0,0,0,7,8,9,10,8,8,9,9,11,12,19,16,12,9,14,161,2,2),(389,'2016-11-10',0,0,0,0,0,0,0,0,0,7,8,9,10,8,8,9,9,11,12,19,16,12,9,14,161,3,2),(390,'2016-11-10',0,0,0,0,0,0,0,0,0,6,9,9,10,8,8,9,9,11,12,19,16,12,9,14,161,4,2),(391,'2016-11-10',0,0,0,0,0,0,0,0,0,6,9,9,10,8,8,9,8,12,12,19,16,12,9,14,161,5,2),(392,'2016-11-10',0,0,0,0,0,0,0,0,0,6,8,10,10,8,8,9,8,11,13,19,16,12,9,14,161,6,2),(393,'2016-11-10',0,0,0,0,0,0,0,0,0,6,8,10,10,8,8,9,8,11,13,19,16,12,8,15,161,7,2),(394,'2016-11-10',0,0,0,0,0,0,0,0,0,6,8,10,9,8,9,9,8,11,13,19,16,12,8,15,161,8,2),(395,'2016-11-10',0,0,0,0,0,0,0,0,0,7,8,10,9,8,8,10,8,11,13,19,16,12,8,15,162,9,2),(396,'2016-11-10',52,62,27,21,37,98,239,76,69,15,0,0,0,0,0,0,0,0,0,0,0,0,0,0,696,11,2),(397,'2016-11-10',0,0,0,0,0,0,0,0,0,7,8,9,10,8,8,9,9,11,13,19,15,12,9,15,162,10,2),(398,'2016-11-10',0,0,0,0,0,0,0,0,0,24,29,26,29,27,25,32,30,33,38,48,47,48,43,92,571,1,3),(399,'2016-11-10',0,0,0,0,0,0,0,0,0,24,29,26,29,27,25,32,30,33,38,48,47,48,43,91,570,2,3),(400,'2016-11-10',0,0,0,0,0,0,0,0,0,25,29,25,30,26,26,32,29,34,38,48,47,48,43,91,571,3,3),(401,'2016-11-10',0,0,0,0,0,0,0,0,0,25,29,25,29,27,26,31,30,34,38,48,47,47,44,91,571,4,3),(402,'2016-11-10',0,0,0,0,0,0,0,0,0,25,28,26,29,27,26,31,30,34,38,48,47,47,44,91,571,5,3),(403,'2016-11-10',0,0,0,0,0,0,0,0,0,24,29,26,29,27,26,31,30,34,38,48,46,48,44,91,571,6,3),(404,'2016-11-10',0,0,0,0,0,0,0,0,0,24,29,26,29,27,26,31,30,34,38,48,46,48,44,91,571,7,3),(405,'2016-11-10',0,0,0,0,0,0,0,0,0,24,29,26,29,27,26,31,30,33,38,49,46,48,44,91,571,9,3),(406,'2016-11-10',0,0,0,0,0,0,0,0,0,24,29,26,29,27,25,32,30,33,38,49,46,48,44,91,571,10,3),(407,'2016-11-10',418,180,136,110,135,233,446,200,269,54,0,0,0,0,0,0,0,0,0,0,0,0,0,0,2181,11,3),(408,'2016-11-10',0,0,0,0,0,0,0,0,0,24,29,26,29,27,25,32,30,33,38,48,47,48,44,91,571,8,3),(409,'2016-11-11',249,168,103,68,57,153,359,124,144,166,173,166,172,179,200,203,201,203,240,265,287,334,354,1097,5665,1,0),(410,'2016-11-11',250,168,103,68,57,153,359,124,144,166,173,166,172,179,200,203,201,203,240,265,287,334,354,1097,5666,2,0),(411,'2016-11-11',250,168,103,68,57,153,359,124,144,166,173,165,172,178,199,204,201,202,240,266,286,335,354,1097,5664,3,0),(412,'2016-11-11',249,167,102,68,58,153,359,124,144,166,173,166,172,179,199,204,199,203,240,266,286,335,354,1097,5663,4,0),(413,'2016-11-11',250,168,102,68,58,153,359,124,144,166,173,166,171,179,199,204,200,203,240,265,287,336,354,1097,5666,5,0),(414,'2016-11-11',250,168,102,68,58,153,359,124,143,167,173,165,172,179,199,204,200,203,239,265,287,335,354,1097,5664,6,0),(415,'2016-11-11',249,166,103,68,57,154,359,124,143,167,173,166,171,180,199,204,200,203,240,265,287,336,354,1097,5665,7,0),(416,'2016-11-11',249,168,103,68,57,154,358,124,144,166,174,166,171,180,199,204,200,203,240,265,287,336,353,1098,5667,8,0),(417,'2016-11-11',249,167,103,68,57,154,358,123,144,166,174,166,171,179,200,204,200,203,240,264,287,336,353,1098,5664,9,0),(418,'2016-11-11',249,168,103,68,57,154,358,123,144,166,172,166,172,179,200,204,200,203,239,264,287,335,353,1098,5662,10,0),(419,'2016-11-11',637,420,289,214,255,696,1403,398,405,421,418,441,520,483,529,525,495,568,782,925,924,1004,943,2518,16213,1,1),(420,'2016-11-11',637,420,289,214,255,696,1403,398,405,421,418,441,520,482,529,526,495,568,782,925,924,1003,943,2519,16213,2,1),(421,'2016-11-11',637,420,289,213,256,696,1403,398,405,421,418,441,520,482,529,526,495,568,782,925,924,1003,943,2519,16213,3,1),(422,'2016-11-11',637,420,289,213,256,696,1403,398,405,421,418,441,520,482,529,526,495,568,782,925,924,1003,943,2518,16212,4,1),(423,'2016-11-11',636,421,289,213,256,696,1403,398,405,421,418,441,520,482,529,526,495,568,782,925,924,1003,943,2518,16212,5,1),(424,'2016-11-11',636,420,290,213,256,696,1403,398,405,421,418,441,519,483,529,526,495,568,782,925,924,1003,943,2518,16212,6,1),(425,'2016-11-11',636,420,290,213,256,696,1403,398,405,421,418,441,519,483,529,526,495,568,781,926,923,1004,943,2518,16212,7,1),(426,'2016-11-11',636,420,289,214,256,696,1403,398,405,421,418,440,520,483,529,526,495,568,781,926,923,1004,943,2518,16212,8,1),(427,'2016-11-11',636,420,289,214,256,696,1402,399,404,422,418,440,520,483,529,525,496,568,781,925,924,1004,943,2518,16212,9,1),(428,'2016-11-11',636,420,289,214,255,697,1402,399,404,422,418,440,520,483,529,525,496,567,782,925,924,1004,943,2518,16212,10,1),(429,'2016-11-11',7,4,3,3,5,16,42,18,14,15,16,16,18,16,15,16,17,18,25,27,26,23,19,29,408,1,2),(430,'2016-11-11',8,4,3,3,4,17,42,18,14,15,16,16,18,16,15,16,17,18,25,27,26,23,19,29,409,2,2),(431,'2016-11-11',8,4,3,3,4,17,42,18,14,15,16,16,18,16,14,17,17,18,25,26,27,23,19,29,409,3,2),(432,'2016-11-11',8,4,3,2,5,17,42,18,14,15,16,16,18,15,15,17,17,18,24,27,26,24,19,29,409,4,2),(433,'2016-11-11',8,4,2,3,5,17,42,17,15,15,16,16,18,15,15,17,17,18,24,27,26,24,19,29,409,5,2),(434,'2016-11-11',8,4,2,3,5,16,43,17,15,14,16,17,17,16,15,17,16,19,24,27,26,24,19,29,409,6,2),(435,'2016-11-11',7,5,2,3,5,16,43,17,15,14,16,16,18,16,15,17,16,18,25,27,26,24,19,29,409,7,2),(436,'2016-11-11',7,5,2,3,5,16,42,18,14,15,16,16,18,16,15,17,16,18,25,27,26,24,18,29,408,8,2),(437,'2016-11-11',7,5,2,3,5,16,42,18,14,15,16,16,18,16,15,16,17,18,25,27,26,24,18,29,408,9,2),(438,'2016-11-11',7,5,2,3,5,16,42,18,14,15,16,16,18,16,15,16,17,18,25,27,26,23,19,29,408,10,2),(439,'2016-11-11',51,26,17,13,15,40,104,41,47,48,60,59,58,60,52,53,54,53,58,68,75,78,70,169,1369,1,3),(440,'2016-11-11',52,26,17,13,15,40,104,41,47,47,60,60,58,59,53,53,54,52,59,68,75,78,70,169,1370,2,3),(441,'2016-11-11',52,26,17,13,15,40,104,40,48,47,60,59,59,59,53,53,54,52,59,67,76,78,70,169,1370,3,3),(442,'2016-11-11',52,26,17,13,15,39,105,40,48,47,60,59,59,59,53,52,55,52,59,67,75,79,70,169,1370,4,3),(443,'2016-11-11',52,26,17,13,15,39,104,41,48,47,60,59,59,59,53,52,54,53,58,68,75,79,70,169,1370,5,3),(444,'2016-11-11',52,26,17,13,15,39,104,41,48,47,60,59,58,60,52,53,54,53,58,68,75,79,70,169,1370,6,3),(445,'2016-11-11',52,26,17,12,16,39,104,41,47,48,60,59,58,60,52,53,54,53,58,68,75,78,71,168,1369,7,3),(446,'2016-11-11',52,26,16,13,16,39,104,41,47,48,60,59,58,60,52,53,54,53,58,68,75,78,71,168,1369,9,3),(447,'2016-11-11',52,26,16,13,16,39,104,41,47,48,60,59,58,60,52,53,54,53,58,68,75,78,71,168,1369,10,3),(448,'2016-11-11',52,26,16,13,16,39,104,41,47,48,60,59,58,60,52,53,54,53,58,68,75,78,70,169,1369,8,3),(449,'2016-11-12',721,399,248,169,153,204,407,188,210,236,209,200,227,313,326,324,313,282,324,336,377,386,379,955,7886,1,0),(450,'2016-11-12',716,400,248,169,153,204,407,188,210,236,209,200,227,314,326,324,314,281,325,335,378,385,379,955,7883,2,0),(451,'2016-11-12',721,400,248,169,153,204,406,189,210,236,209,199,229,313,326,324,314,281,325,336,378,386,379,955,7890,3,0),(452,'2016-11-12',720,400,247,170,153,204,406,189,210,236,209,198,228,314,326,324,314,281,325,336,376,387,379,955,7887,4,0),(453,'2016-11-12',716,399,248,169,154,204,406,189,210,235,210,200,227,312,327,324,314,281,325,336,377,386,378,956,7883,5,0),(454,'2016-11-12',720,399,248,169,154,204,406,188,211,235,210,198,227,313,327,324,314,281,324,336,377,385,379,956,7885,6,0),(455,'2016-11-12',721,399,248,169,154,204,406,188,210,236,210,200,227,314,327,324,314,281,325,335,377,386,379,955,7889,7,0),(456,'2016-11-12',721,399,248,169,153,205,406,188,210,236,210,199,226,314,327,324,314,280,324,336,378,385,379,955,7886,8,0),(457,'2016-11-12',717,400,248,168,153,205,406,188,210,236,210,198,227,314,327,324,314,281,324,336,377,386,379,955,7883,9,0),(458,'2016-11-12',719,400,248,169,153,204,407,187,210,236,210,198,226,314,326,324,315,281,324,336,378,386,379,955,7885,10,0),(459,'2016-11-12',1654,899,572,474,551,928,1569,565,551,591,615,585,636,698,741,705,681,691,872,1008,1092,1161,1065,2267,21171,1,1),(460,'2016-11-12',1654,899,572,474,551,928,1569,565,551,591,615,585,636,699,741,705,681,691,872,1008,1092,1160,1066,2267,21172,2,1),(461,'2016-11-12',1654,899,572,474,551,928,1569,565,551,591,615,585,636,699,741,705,681,691,872,1008,1091,1161,1066,2267,21172,3,1),(462,'2016-11-12',1655,899,572,474,551,928,1568,566,551,591,615,585,636,699,741,705,681,691,872,1008,1091,1161,1066,2266,21172,4,1),(463,'2016-11-12',1655,899,572,474,550,929,1568,566,551,591,615,585,636,699,740,706,681,691,872,1008,1091,1161,1065,2267,21172,5,1),(464,'2016-11-12',1654,900,572,474,550,928,1569,565,552,591,615,585,635,700,740,706,681,690,873,1008,1091,1161,1065,2267,21172,6,1),(465,'2016-11-12',1654,900,572,474,550,928,1569,565,552,591,615,585,635,700,740,706,680,691,873,1008,1091,1161,1065,2267,21172,7,1),(466,'2016-11-12',1654,900,572,474,550,928,1569,565,552,590,616,584,636,700,740,706,680,691,872,1009,1091,1161,1065,2267,21172,8,1),(467,'2016-11-12',1654,900,572,474,550,928,1569,565,551,591,616,584,636,699,741,705,681,691,872,1009,1091,1161,1065,2267,21172,9,1),(468,'2016-11-12',1654,900,572,474,550,928,1569,565,551,591,616,584,636,699,741,705,681,691,872,1009,1091,1161,1065,2267,21172,10,1),(469,'2016-11-12',12,8,5,6,9,19,40,14,15,15,16,17,14,16,16,16,16,16,20,25,26,21,17,24,403,1,2),(470,'2016-11-12',11,9,5,5,10,19,40,14,15,15,15,18,14,16,16,16,16,16,20,25,26,21,17,24,403,2,2),(471,'2016-11-12',11,9,5,5,10,19,40,14,15,15,15,18,14,16,16,16,15,17,19,25,27,21,17,24,403,3,2),(472,'2016-11-12',11,9,4,6,10,18,41,14,15,15,15,18,13,17,16,16,15,16,20,25,26,22,17,24,403,4,2),(473,'2016-11-12',11,9,4,6,10,18,41,13,16,15,15,17,14,16,17,16,15,16,20,25,26,22,17,24,403,5,2),(474,'2016-11-12',11,9,4,6,9,19,41,13,16,14,16,17,14,16,17,16,15,16,20,25,26,22,17,23,402,6,2),(475,'2016-11-12',11,9,4,6,9,19,41,13,16,14,16,17,14,16,17,16,15,16,20,25,26,22,17,23,402,7,2),(476,'2016-11-12',12,9,4,6,9,19,41,13,15,15,16,17,14,16,17,16,15,16,20,25,26,22,17,23,403,8,2),(477,'2016-11-12',12,8,5,6,9,19,41,13,15,15,16,17,14,16,16,17,15,16,20,25,26,22,16,24,403,9,2),(478,'2016-11-12',12,8,5,6,9,19,41,13,15,15,16,17,14,16,16,16,16,16,20,25,26,22,16,24,403,10,2),(479,'2016-11-12',94,46,30,21,27,38,89,48,47,58,60,47,55,54,56,58,52,55,64,80,83,84,76,160,1482,1,3),(480,'2016-11-12',94,46,30,21,27,38,89,47,48,58,60,46,56,54,56,58,52,55,63,80,84,84,76,160,1482,2,3),(481,'2016-11-12',94,46,30,21,27,38,89,47,48,58,60,46,55,55,56,58,52,55,63,80,84,84,76,160,1482,3,3),(482,'2016-11-12',94,46,29,22,26,39,89,47,48,58,60,46,55,55,56,58,52,55,63,80,84,84,76,160,1482,4,3),(483,'2016-11-12',94,46,29,21,27,39,89,47,47,59,60,46,55,55,55,59,52,55,63,80,84,84,75,161,1482,5,3),(484,'2016-11-12',94,46,29,21,27,39,89,47,47,59,60,46,55,55,55,58,53,55,63,80,84,84,75,161,1482,6,3),(485,'2016-11-12',95,46,29,21,27,39,89,47,47,59,59,47,55,55,55,58,53,55,63,80,84,84,75,160,1482,7,3),(486,'2016-11-12',95,46,29,21,27,39,88,48,47,59,59,47,55,55,55,58,53,55,63,80,84,84,75,160,1482,9,3),(487,'2016-11-12',94,47,29,21,27,39,88,48,47,58,60,47,55,55,55,58,52,55,64,80,84,84,75,160,1482,10,3),(488,'2016-11-12',94,47,29,21,27,38,89,48,47,58,60,47,55,55,55,58,52,55,64,80,84,83,76,160,1482,8,3),(489,'2016-11-13',719,511,276,203,143,193,408,195,214,241,249,221,242,295,329,345,357,342,366,461,416,454,436,1002,8618,1,0),(490,'2016-11-13',719,511,276,203,143,193,408,195,214,241,249,221,241,296,329,346,357,343,366,461,415,455,437,1003,8622,2,0),(491,'2016-11-13',719,511,276,202,144,193,408,195,214,240,249,221,241,296,329,346,357,343,366,461,416,455,435,1004,8621,3,0),(492,'2016-11-13',719,511,276,202,144,193,408,195,214,240,249,220,241,296,329,345,357,342,366,460,416,454,436,1004,8617,4,0),(493,'2016-11-13',719,510,276,202,144,193,408,194,214,241,249,220,241,296,329,343,357,343,366,461,415,454,436,1004,8615,5,0),(494,'2016-11-13',719,511,276,202,144,193,408,194,214,241,249,220,242,295,330,345,357,342,365,462,416,453,436,1004,8618,6,0),(495,'2016-11-13',720,511,276,202,144,193,408,194,215,240,250,220,242,295,330,345,357,342,366,461,416,453,436,1004,8620,7,0),(496,'2016-11-13',720,511,276,202,143,194,408,194,215,240,250,220,242,295,329,348,358,341,366,461,416,454,436,1004,8623,8,0),(497,'2016-11-13',719,511,277,202,143,193,408,194,215,240,250,220,242,295,329,345,357,342,366,461,417,454,436,1004,8620,9,0),(498,'2016-11-13',719,511,277,202,143,192,409,193,214,241,250,220,242,295,329,347,357,343,366,461,416,454,437,1003,8621,10,0),(499,'2016-11-13',1535,884,587,479,498,814,1488,576,607,594,724,661,688,702,701,711,714,755,930,1074,1145,1150,1001,2025,21043,1,1),(500,'2016-11-13',1535,884,587,479,497,815,1488,575,608,594,724,660,689,702,701,711,714,755,930,1074,1145,1150,1001,2025,21043,2,1),(501,'2016-11-13',1535,884,587,478,498,815,1488,575,608,594,724,660,689,702,701,711,714,755,929,1075,1145,1150,1001,2025,21043,3,1),(502,'2016-11-13',1536,884,587,478,498,815,1488,575,608,594,724,660,689,702,700,712,714,755,929,1075,1145,1150,1001,2025,21044,4,1),(503,'2016-11-13',1536,884,586,479,498,815,1488,575,608,594,724,660,688,703,700,712,714,755,929,1075,1145,1150,1001,2024,21043,5,1),(504,'2016-11-13',1536,884,586,479,498,815,1488,575,608,593,725,660,688,703,700,712,714,754,930,1075,1145,1150,1000,2025,21043,6,1),(505,'2016-11-13',1535,885,586,479,498,815,1488,575,608,593,725,660,688,702,701,711,714,755,930,1074,1146,1150,1000,2025,21043,7,1),(506,'2016-11-13',1535,885,586,479,498,815,1488,575,608,593,725,660,688,702,701,711,714,755,930,1074,1146,1150,1000,2025,21043,8,1),(507,'2016-11-13',1535,884,587,479,498,814,1489,575,608,593,725,660,688,702,701,711,714,755,930,1074,1146,1150,1000,2025,21043,9,1),(508,'2016-11-13',1535,884,587,479,498,814,1488,576,607,594,724,661,688,702,701,711,714,755,930,1074,1145,1150,1001,2025,21043,10,1),(509,'2016-11-13',11,11,5,6,8,19,38,13,14,17,27,15,15,15,18,19,14,20,24,34,38,33,20,34,468,1,2),(510,'2016-11-13',11,11,5,6,8,19,38,13,14,17,27,15,15,15,18,19,14,20,24,34,38,33,20,34,468,2,2),(511,'2016-11-13',11,11,5,6,8,18,39,13,14,17,27,15,14,16,18,19,14,20,24,34,38,32,21,34,468,3,2),(512,'2016-11-13',11,11,5,5,8,19,39,13,14,16,28,15,14,16,18,19,14,20,24,34,38,32,21,33,467,4,2),(513,'2016-11-13',11,11,5,5,8,19,39,13,14,16,28,15,14,16,17,19,15,20,24,34,38,32,21,33,467,5,2),(514,'2016-11-13',11,12,4,6,8,19,39,13,14,16,28,15,14,16,17,19,15,19,25,34,38,32,21,33,468,6,2),(515,'2016-11-13',11,12,4,6,8,19,38,14,14,16,28,15,14,16,17,19,15,19,25,33,38,33,21,33,468,7,2),(516,'2016-11-13',11,12,4,6,8,19,38,13,14,17,27,16,14,15,18,19,15,19,25,33,38,33,21,33,468,8,2),(517,'2016-11-13',11,12,4,6,8,19,38,13,14,17,27,15,15,15,18,19,14,20,25,33,38,33,20,34,468,9,2),(518,'2016-11-13',11,12,4,6,8,19,38,13,14,17,27,15,15,15,18,19,14,20,25,33,38,33,20,34,468,10,2),(519,'2016-11-13',86,56,33,24,26,44,108,53,60,58,65,57,60,56,59,56,57,68,69,88,91,98,96,160,1628,1,3),(520,'2016-11-13',86,56,33,24,26,43,108,54,60,58,65,56,61,56,59,56,57,67,70,87,92,98,96,160,1628,2,3),(521,'2016-11-13',86,56,33,24,26,43,108,53,61,58,65,56,61,56,59,56,57,67,70,87,92,98,96,160,1628,3,3),(522,'2016-11-13',85,56,34,24,26,43,108,53,61,58,65,56,61,56,58,57,57,67,70,87,92,98,96,160,1628,4,3),(523,'2016-11-13',85,56,34,24,26,43,108,53,61,58,65,56,61,56,58,57,57,67,69,88,92,97,97,160,1628,5,3),(524,'2016-11-13',85,56,34,24,26,43,108,53,61,58,65,56,61,56,58,56,58,67,69,88,92,97,97,160,1628,6,3),(525,'2016-11-13',86,56,34,23,26,44,108,53,60,59,65,56,61,56,58,56,58,67,69,88,92,97,96,161,1629,7,3),(526,'2016-11-13',86,56,34,23,26,44,108,53,60,59,65,56,61,56,58,56,58,67,69,88,91,98,96,161,1629,9,3),(527,'2016-11-13',86,56,34,23,26,44,108,53,60,59,64,57,60,57,58,56,58,67,69,88,91,98,96,161,1629,10,3),(528,'2016-11-13',86,56,33,24,26,44,108,53,60,59,64,57,60,57,58,56,58,67,69,88,91,98,96,161,1629,8,3),(529,'2016-11-14',615,404,235,152,144,219,363,141,152,173,190,189,185,0,0,0,0,0,0,0,0,0,0,0,3282,1,0),(530,'2016-11-14',615,404,235,152,144,219,362,141,151,173,190,189,185,0,0,0,0,0,0,0,0,0,0,0,3280,2,0),(531,'2016-11-14',615,404,235,152,143,219,363,141,152,173,190,188,186,0,0,0,0,0,0,0,0,0,0,0,3281,3,0),(532,'2016-11-14',613,405,235,152,144,219,363,140,153,173,190,188,186,0,0,0,0,0,0,0,0,0,0,0,3280,4,0),(533,'2016-11-14',614,405,235,152,143,219,363,140,153,173,190,188,186,0,0,0,0,0,0,0,0,0,0,0,3280,5,0),(534,'2016-11-14',614,405,235,151,144,220,362,140,153,172,191,188,186,0,0,0,0,0,0,0,0,0,0,0,3280,6,0),(535,'2016-11-14',615,405,234,151,143,220,363,140,153,172,191,188,186,0,0,0,0,0,0,0,0,0,0,0,3280,7,0),(536,'2016-11-14',615,405,235,151,144,220,362,140,153,172,191,188,186,0,0,0,0,0,0,0,0,0,0,0,3281,8,0),(537,'2016-11-14',615,405,235,151,144,220,363,140,152,173,191,188,186,0,0,0,0,0,0,0,0,0,0,0,3282,9,0),(538,'2016-11-14',614,404,236,151,144,220,362,141,152,173,190,189,185,0,0,0,0,0,0,0,0,0,0,0,3281,10,0),(539,'2016-11-14',1250,734,499,405,468,871,1210,402,427,414,457,491,604,0,0,0,0,0,0,0,0,0,0,0,8544,1,1),(540,'2016-11-14',1250,734,499,405,468,871,1209,403,427,413,458,491,604,0,0,0,0,0,0,0,0,0,0,0,8544,2,1),(541,'2016-11-14',1250,734,498,406,468,871,1209,403,427,413,458,491,604,0,0,0,0,0,0,0,0,0,0,0,8544,3,1),(542,'2016-11-14',1250,734,498,406,468,871,1209,403,427,413,458,490,605,0,0,0,0,0,0,0,0,0,0,0,8544,4,1),(543,'2016-11-14',1251,734,498,405,469,870,1210,403,427,413,458,490,605,0,0,0,0,0,0,0,0,0,0,0,8545,5,1),(544,'2016-11-14',1251,734,498,405,469,870,1210,402,428,413,457,491,605,0,0,0,0,0,0,0,0,0,0,0,8545,6,1),(545,'2016-11-14',1251,733,499,405,469,870,1210,402,428,413,457,491,605,0,0,0,0,0,0,0,0,0,0,0,8545,7,1),(546,'2016-11-14',1251,733,499,405,468,871,1210,402,428,413,457,491,605,0,0,0,0,0,0,0,0,0,0,0,8545,8,1),(547,'2016-11-14',1251,733,499,405,468,871,1210,402,428,413,457,491,605,0,0,0,0,0,0,0,0,0,0,0,8544,9,1),(548,'2016-11-14',1251,733,499,405,468,871,1210,402,428,413,457,491,604,0,0,0,0,0,0,0,0,0,0,0,8544,10,1),(549,'2016-11-14',12,9,7,6,13,37,58,22,23,27,28,27,31,0,0,0,0,0,0,0,0,0,0,0,316,1,2),(550,'2016-11-14',12,9,7,6,13,36,59,22,23,27,28,27,31,0,0,0,0,0,0,0,0,0,0,0,316,2,2),(551,'2016-11-14',12,9,7,5,14,36,59,22,23,27,28,27,31,0,0,0,0,0,0,0,0,0,0,0,316,3,2),(552,'2016-11-14',13,8,8,5,14,36,59,22,23,27,28,27,30,0,0,0,0,0,0,0,0,0,0,0,317,4,2),(553,'2016-11-14',13,8,7,6,14,36,59,22,23,26,29,27,30,0,0,0,0,0,0,0,0,0,0,0,316,5,2),(554,'2016-11-14',13,8,7,6,14,36,59,22,23,26,29,27,30,0,0,0,0,0,0,0,0,0,0,0,316,6,2),(555,'2016-11-14',13,8,7,6,14,36,58,23,23,26,28,28,30,0,0,0,0,0,0,0,0,0,0,0,316,7,2),(556,'2016-11-14',12,9,7,6,14,36,58,23,22,27,28,28,30,0,0,0,0,0,0,0,0,0,0,0,316,8,2),(557,'2016-11-14',12,9,7,6,13,37,58,23,22,27,28,28,30,0,0,0,0,0,0,0,0,0,0,0,316,9,2),(558,'2016-11-14',12,9,7,6,13,37,58,22,23,27,28,28,30,0,0,0,0,0,0,0,0,0,0,0,316,10,2),(559,'2016-11-14',86,47,30,25,27,43,112,44,53,59,57,51,62,0,0,0,0,0,0,0,0,0,0,0,734,1,3),(560,'2016-11-14',85,48,30,25,27,43,112,43,54,59,57,51,62,0,0,0,0,0,0,0,0,0,0,0,734,2,3),(561,'2016-11-14',85,48,29,26,26,44,112,43,54,59,56,52,62,0,0,0,0,0,0,0,0,0,0,0,734,3,3),(562,'2016-11-14',85,47,30,26,26,44,112,43,54,58,57,52,62,0,0,0,0,0,0,0,0,0,0,0,733,4,3),(563,'2016-11-14',85,47,30,26,26,43,113,43,54,58,57,52,62,0,0,0,0,0,0,0,0,0,0,0,733,5,3),(564,'2016-11-14',85,47,30,26,26,43,112,44,54,58,57,51,63,0,0,0,0,0,0,0,0,0,0,0,733,6,3),(565,'2016-11-14',85,47,30,26,26,43,112,44,54,58,57,51,62,0,0,0,0,0,0,0,0,0,0,0,733,7,3),(566,'2016-11-14',85,47,30,26,26,43,112,44,54,58,57,51,62,0,0,0,0,0,0,0,0,0,0,0,733,9,3),(567,'2016-11-14',85,47,30,26,26,43,112,44,53,59,57,51,62,0,0,0,0,0,0,0,0,0,0,0,733,10,3),(568,'2016-11-14',85,47,30,25,27,43,112,44,53,59,57,51,62,0,0,0,0,0,0,0,0,0,0,0,733,8,3);

/*!40101 SET SQL_MODE=@OLD_SQL_MODE */;
/*!40014 SET FOREIGN_KEY_CHECKS=@OLD_FOREIGN_KEY_CHECKS */;
/*!40014 SET UNIQUE_CHECKS=@OLD_UNIQUE_CHECKS */;
/*!40111 SET SQL_NOTES=@OLD_SQL_NOTES */;
